target,scenario,feature_set,split,model,route,dataset_version,run_id,n,n_total,missing_y,missing_pred,mae,rmse,smape,wape,bias_mean,bias_abs,bias_to_mae_ratio
pasajeros_por_despacho,productividad_por_despacho,calendario_ruta_lags_productividad_lags_demanda_lags_despachos,test_final,historical_average_route_day_type_slot,1,freeze_20260610_192142,multitarget_20260720_1435,1544,1919,375,0,6.85269574296502,8.845987077070992,16.961877328831378,16.09132262042134,1.9139414074916852,1.9139414074916852,0.2792975902157247
pasajeros_por_despacho,productividad_por_despacho,calendario_ruta_lags_productividad_lags_demanda_lags_despachos,test_final,historical_average_route_day_type_slot,3,freeze_20260610_192142,multitarget_20260720_1435,1583,1976,393,0,7.268321740754656,9.532672671391492,16.61467259675809,15.723754038286646,1.3151671413580894,1.3151671413580894,0.18094509135220782
pasajeros_por_despacho,productividad_por_despacho,calendario_ruta_lags_productividad_lags_demanda_lags_despachos,test_final,naive,1,freeze_20260610_192142,multitarget_20260720_1435,1394,1919,375,367,8.559648493543758,11.133361800394308,20.196518379159254,19.59134316080752,0.06139406982305115,0.06139406982305115,0.007172498948918117
pasajeros_por_despacho,productividad_por_despacho,calendario_ruta_lags_productividad_lags_demanda_lags_despachos,test_final,naive,3,freeze_20260610_192142,multitarget_20260720_1435,1443,1976,393,394,10.625080025080026,13.587387919171183,23.218373732030216,22.462499775442538,0.15874335874335868,0.15874335874335868,0.014940438883156841
pasajeros_por_despacho,productividad_por_despacho,calendario_ruta_lags_productividad_lags_demanda_lags_despachos,test_final,seasonal_naive_daily,1,freeze_20260610_192142,multitarget_20260720_1435,1292,1919,375,389,11.079024767801858,14.512589074939962,27.31054768269916,25.985524163609263,0.8398090815273478,0.8398090815273478,0.07580171532498259
pasajeros_por_despacho,productividad_por_despacho,calendario_ruta_lags_productividad_lags_demanda_lags_despachos,test_final,seasonal_naive_daily,3,freeze_20260610_192142,multitarget_20260720_1435,1336,1976,393,404,12.24679747647562,15.891363882253648,28.230147721391862,26.63360140865115,1.0815012831479898,1.0815012831479898,0.08830890567312817
pasajeros_por_despacho,productividad_por_despacho,calendario_ruta_lags_productividad_lags_demanda_lags_despachos,test_final,seasonal_naive_weekly,1,freeze_20260610_192142,multitarget_20260720_1435,1381,1919,375,360,10.176116340815835,13.73866300230837,24.752403340019562,23.54635251907851,-0.08811247888003866,0.08811247888003866,0.008658753096859205
pasajeros_por_despacho,productividad_por_despacho,calendario_ruta_lags_productividad_lags_demanda_lags_despachos,test_final,seasonal_naive_weekly,3,freeze_20260610_192142,multitarget_20260720_1435,1423,1976,393,378,11.429464913161327,15.446215700367642,25.692010173524388,24.32809937585054,-0.2561222099521467,0.2561222099521467,0.02240894144197558
pasajeros_por_despacho,productividad_por_despacho,calendario_ruta_lags_productividad_lags_demanda_lags_despachos,validation,historical_average_route_day_type_slot,1,freeze_20260610_192142,multitarget_20260720_1435,13088,14612,1524,0,7.0538017995897,9.559050322324243,16.75587305402837,15.992419526046875,0.04821951093589673,0.04821951093589673,0.006835960565081588
pasajeros_por_despacho,productividad_por_despacho,calendario_ruta_lags_productividad_lags_demanda_lags_despachos,validation,historical_average_route_day_type_slot,3,freeze_20260610_192142,multitarget_20260720_1435,13297,15072,1775,0,7.268727079442905,9.661966434631157,16.304064345008143,15.382081761825766,-0.21076568706312257,0.21076568706312257,0.02899623066866836
pasajeros_por_despacho,productividad_por_despacho,calendario_ruta_lags_productividad_lags_demanda_lags_despachos,validation,naive,1,freeze_20260610_192142,multitarget_20260720_1435,12189,14612,1524,1597,9.078801925233133,12.010644365385563,21.04305564165096,20.39418618765526,0.36766893647277604,0.36766893647277604,0.04049751712843264
pasajeros_por_despacho,productividad_por_despacho,calendario_ruta_lags_productividad_lags_demanda_lags_despachos,validation,naive,3,freeze_20260610_192142,multitarget_20260720_1435,12366,15072,1775,1829,10.127682662908281,13.210538700378955,21.985605077012693,21.167497356778238,0.3153304375283997,0.3153304375283997,0.03113549743054932
pasajeros_por_despacho,productividad_por_despacho,calendario_ruta_lags_productividad_lags_demanda_lags_despachos,validation,seasonal_naive_daily,1,freeze_20260610_192142,multitarget_20260720_1435,11933,14612,1524,1644,11.162794451560897,14.91116411315582,26.156773458738243,25.254622643467524,0.3971186345987318,0.3971186345987318,0.035575199052706966
pasajeros_por_despacho,productividad_por_despacho,calendario_ruta_lags_productividad_lags_demanda_lags_despachos,validation,seasonal_naive_daily,3,freeze_20260610_192142,multitarget_20260720_1435,12107,15072,1775,1855,12.041143258327534,15.966657039784506,26.994534176012046,25.52229850912263,0.6006747375583587,0.6006747375583587,0.04988519151974528
pasajeros_por_despacho,productividad_por_despacho,calendario_ruta_lags_productividad_lags_demanda_lags_despachos,validation,seasonal_naive_weekly,1,freeze_20260610_192142,multitarget_20260720_1435,12329,14612,1524,1550,9.77766164945985,13.119527480505209,22.776694736660918,21.883005934243567,-0.10321193933003489,0.10321193933003489,0.010555891892182284
pasajeros_por_despacho,productividad_por_despacho,calendario_ruta_lags_productividad_lags_demanda_lags_despachos,validation,seasonal_naive_weekly,3,freeze_20260610_192142,multitarget_20260720_1435,12452,15072,1775,1788,10.28067608186866,13.769648285356027,22.667550377620884,21.434795844611347,-0.11809672953665887,0.11809672953665887,0.011487253230839375
pasajeros_total,oferta_historica_rezagada,calendario_ruta_lags_demanda_lags_despachos,test_final,historical_average_route_day_type_slot,1,freeze_20260610_192142,multitarget_20260720_1435,1544,1919,375,0,36.08155289201961,45.14642854514956,35.928661613421546,35.6844935659426,27.860430263644606,27.860430263644606,0.7721516406741651
pasajeros_total,oferta_historica_rezagada,calendario_ruta_lags_demanda_lags_despachos,test_final,historical_average_route_day_type_slot,3,freeze_20260610_192142,multitarget_20260720_1435,1583,1976,393,0,38.41392300748946,49.95711813433539,34.15008638549418,32.5810330694684,27.098396409169226,27.098396409169226,0.7054316322726508
pasajeros_total,oferta_historica_rezagada,calendario_ruta_lags_demanda_lags_despachos,test_final,naive,1,freeze_20260610_192142,multitarget_20260720_1435,1394,1919,375,367,43.559540889526545,55.86714359211537,42.671533603332776,41.19818169482326,1.2467718794835008,1.2467718794835008,0.028622245644082868
pasajeros_total,oferta_historica_rezagada,calendario_ruta_lags_demanda_lags_despachos,test_final,naive,3,freeze_20260610_192142,multitarget_20260720_1435,1443,1976,393,394,55.27927927927928,73.23090244401658,46.05788429960849,44.31407841960823,0.2993762993762994,0.2993762993762994,0.0054157055460836425
pasajeros_total,oferta_historica_rezagada,calendario_ruta_lags_demanda_lags_despachos,test_final,seasonal_naive_daily,1,freeze_20260610_192142,multitarget_20260720_1435,1292,1919,375,389,47.5046439628483,60.91696119301021,50.795983920553475,46.85047784800464,4.766253869969041,4.766253869969041,0.10033237747653806
pasajeros_total,oferta_historica_rezagada,calendario_ruta_lags_demanda_lags_despachos,test_final,seasonal_naive_daily,3,freeze_20260610_192142,multitarget_20260720_1435,1336,1976,393,404,53.0688622754491,68.10230284428428,51.101172669171326,45.500635340324216,6.3517964071856285,6.3517964071856285,0.11968970380818054
pasajeros_total,oferta_historica_rezagada,calendario_ruta_lags_demanda_lags_despachos,test_final,seasonal_naive_weekly,1,freeze_20260610_192142,multitarget_20260720_1435,1381,1919,375,360,42.84576393917451,55.66610659643876,44.93894041643276,41.290421627053355,1.5177407675597394,1.5177407675597394,0.03542335643062363
pasajeros_total,oferta_historica_rezagada,calendario_ruta_lags_demanda_lags_despachos,test_final,seasonal_naive_weekly,3,freeze_20260610_192142,multitarget_20260720_1435,1423,1976,393,378,47.45115952213633,62.551505130548044,44.09546258815199,39.22950448225978,1.545326774420239,1.545326774420239,0.03256668098277624
pasajeros_total,oferta_historica_rezagada,calendario_ruta_lags_demanda_lags_despachos,validation,historical_average_route_day_type_slot,1,freeze_20260610_192142,multitarget_20260720_1435,13088,14612,1524,0,31.87699359551212,41.36161657832348,28.560601131373748,26.851351248007262,17.596474057192758,17.596474057192758,0.5520117198150745
pasajeros_total,oferta_historica_rezagada,calendario_ruta_lags_demanda_lags_despachos,validation,historical_average_route_day_type_slot,3,freeze_20260610_192142,multitarget_20260720_1435,13297,15072,1775,0,34.3196384235365,45.849534596142405,27.765005804666625,25.095257982438195,13.427415312949076,13.427415312949076,0.39124582687154763
pasajeros_total,oferta_historica_rezagada,calendario_ruta_lags_demanda_lags_despachos,validation,naive,1,freeze_20260610_192142,multitarget_20260720_1435,12189,14612,1524,1597,43.956190007383704,57.212696500914326,38.50916959716636,36.27786610187395,2.8789892526048075,2.8789892526048075,0.06549678787267957
pasajeros_total,oferta_historica_rezagada,calendario_ruta_lags_demanda_lags_despachos,validation,naive,3,freeze_20260610_192142,multitarget_20260720_1435,12366,15072,1775,1829,53.00638848455442,70.21719441185539,40.58636066019205,37.15632734087407,0.826863981885816,0.826863981885816,0.015599326902393221
pasajeros_total,oferta_historica_rezagada,calendario_ruta_lags_demanda_lags_despachos,validation,seasonal_naive_daily,1,freeze_20260610_192142,multitarget_20260720_1435,11933,14612,1524,1644,52.58191569596916,68.0907183942907,49.58779696840071,44.15945994640002,3.3203720774323306,3.3203720774323306,0.06314665476683773
pasajeros_total,oferta_historica_rezagada,calendario_ruta_lags_demanda_lags_despachos,validation,seasonal_naive_daily,3,freeze_20260610_192142,multitarget_20260720_1435,12107,15072,1775,1855,60.20847443627653,79.40669457694302,51.18235659507289,43.92970225547235,3.6400429503592964,3.6400429503592964,0.060457319080752435
pasajeros_total,oferta_historica_rezagada,calendario_ruta_lags_demanda_lags_despachos,validation,seasonal_naive_weekly,1,freeze_20260610_192142,multitarget_20260720_1435,12329,14612,1524,1550,41.39354367750831,54.804113670164924,37.52020843271678,33.90859699584532,0.33798361586503367,0.33798361586503367,0.008165128806033614
pasajeros_total,oferta_historica_rezagada,calendario_ruta_lags_demanda_lags_despachos,validation,seasonal_naive_weekly,3,freeze_20260610_192142,multitarget_20260720_1435,12452,15072,1775,1788,46.398570510761324,62.57439709545704,37.69728638868079,32.80641007004697,-0.030436877610022485,0.030436877610022485,0.0006559873995032496
pasajeros_total,sin_oferta,calendario_ruta_lags_demanda,test_final,historical_average_route_day_type_slot,1,freeze_20260610_192142,multitarget_20260720_1435,1544,1919,375,0,36.08155289201961,45.14642854514956,35.928661613421546,35.6844935659426,27.860430263644606,27.860430263644606,0.7721516406741651
pasajeros_total,sin_oferta,calendario_ruta_lags_demanda,test_final,historical_average_route_day_type_slot,3,freeze_20260610_192142,multitarget_20260720_1435,1583,1976,393,0,38.41392300748946,49.95711813433539,34.15008638549418,32.5810330694684,27.098396409169226,27.098396409169226,0.7054316322726508
pasajeros_total,sin_oferta,calendario_ruta_lags_demanda,test_final,naive,1,freeze_20260610_192142,multitarget_20260720_1435,1394,1919,375,367,43.559540889526545,55.86714359211537,42.671533603332776,41.19818169482326,1.2467718794835008,1.2467718794835008,0.028622245644082868
pasajeros_total,sin_oferta,calendario_ruta_lags_demanda,test_final,naive,3,freeze_20260610_192142,multitarget_20260720_1435,1443,1976,393,394,55.27927927927928,73.23090244401658,46.05788429960849,44.31407841960823,0.2993762993762994,0.2993762993762994,0.0054157055460836425
pasajeros_total,sin_oferta,calendario_ruta_lags_demanda,test_final,seasonal_naive_daily,1,freeze_20260610_192142,multitarget_20260720_1435,1292,1919,375,389,47.5046439628483,60.91696119301021,50.795983920553475,46.85047784800464,4.766253869969041,4.766253869969041,0.10033237747653806
pasajeros_total,sin_oferta,calendario_ruta_lags_demanda,test_final,seasonal_naive_daily,3,freeze_20260610_192142,multitarget_20260720_1435,1336,1976,393,404,53.0688622754491,68.10230284428428,51.101172669171326,45.500635340324216,6.3517964071856285,6.3517964071856285,0.11968970380818054
pasajeros_total,sin_oferta,calendario_ruta_lags_demanda,test_final,seasonal_naive_weekly,1,freeze_20260610_192142,multitarget_20260720_1435,1381,1919,375,360,42.84576393917451,55.66610659643876,44.93894041643276,41.290421627053355,1.5177407675597394,1.5177407675597394,0.03542335643062363
pasajeros_total,sin_oferta,calendario_ruta_lags_demanda,test_final,seasonal_naive_weekly,3,freeze_20260610_192142,multitarget_20260720_1435,1423,1976,393,378,47.45115952213633,62.551505130548044,44.09546258815199,39.22950448225978,1.545326774420239,1.545326774420239,0.03256668098277624
pasajeros_total,sin_oferta,calendario_ruta_lags_demanda,validation,historical_average_route_day_type_slot,1,freeze_20260610_192142,multitarget_20260720_1435,13088,14612,1524,0,31.87699359551212,41.36161657832348,28.560601131373748,26.851351248007262,17.596474057192758,17.596474057192758,0.5520117198150745
pasajeros_total,sin_oferta,calendario_ruta_lags_demanda,validation,historical_average_route_day_type_slot,3,freeze_20260610_192142,multitarget_20260720_1435,13297,15072,1775,0,34.3196384235365,45.849534596142405,27.765005804666625,25.095257982438195,13.427415312949076,13.427415312949076,0.39124582687154763
pasajeros_total,sin_oferta,calendario_ruta_lags_demanda,validation,naive,1,freeze_20260610_192142,multitarget_20260720_1435,12189,14612,1524,1597,43.956190007383704,57.212696500914326,38.50916959716636,36.27786610187395,2.8789892526048075,2.8789892526048075,0.06549678787267957
pasajeros_total,sin_oferta,calendario_ruta_lags_demanda,validation,naive,3,freeze_20260610_192142,multitarget_20260720_1435,12366,15072,1775,1829,53.00638848455442,70.21719441185539,40.58636066019205,37.15632734087407,0.826863981885816,0.826863981885816,0.015599326902393221
pasajeros_total,sin_oferta,calendario_ruta_lags_demanda,validation,seasonal_naive_daily,1,freeze_20260610_192142,multitarget_20260720_1435,11933,14612,1524,1644,52.58191569596916,68.0907183942907,49.58779696840071,44.15945994640002,3.3203720774323306,3.3203720774323306,0.06314665476683773
pasajeros_total,sin_oferta,calendario_ruta_lags_demanda,validation,seasonal_naive_daily,3,freeze_20260610_192142,multitarget_20260720_1435,12107,15072,1775,1855,60.20847443627653,79.40669457694302,51.18235659507289,43.92970225547235,3.6400429503592964,3.6400429503592964,0.060457319080752435
pasajeros_total,sin_oferta,calendario_ruta_lags_demanda,validation,seasonal_naive_weekly,1,freeze_20260610_192142,multitarget_20260720_1435,12329,14612,1524,1550,41.39354367750831,54.804113670164924,37.52020843271678,33.90859699584532,0.33798361586503367,0.33798361586503367,0.008165128806033614
pasajeros_total,sin_oferta,calendario_ruta_lags_demanda,validation,seasonal_naive_weekly,3,freeze_20260610_192142,multitarget_20260720_1435,12452,15072,1775,1788,46.398570510761324,62.57439709545704,37.69728638868079,32.80641007004697,-0.030436877610022485,0.030436877610022485,0.0006559873995032496
