route,dia_op,tipo_dia,regimen,semanas_entrenamiento,n,demanda_media,filas_ajuste,arboles,mae,sesgo
1,2026-04-02,FESTIVO,raro,8,15,28.666666666666668,1013,137,93.18156077067057,93.18156077067057
1,2026-04-02,FESTIVO,raro,13,15,28.666666666666668,1827,114,19.32496032714844,17.25100173950195
1,2026-04-02,FESTIVO,raro,26,15,28.666666666666668,4025,74,13.063760884602864,5.901830800374349
1,2026-04-02,FESTIVO,raro,52,15,28.666666666666668,8549,137,15.65430056254069,5.814733759562174
1,2026-04-02,FESTIVO,raro,999,15,28.666666666666668,17421,226,15.456549326578775,5.4788368225097654
1,2026-04-03,FESTIVO,raro,8,8,21.0,1012,43,93.82846450805664,93.82846450805664
1,2026-04-03,FESTIVO,raro,13,8,21.0,1852,223,16.047462463378906,13.336005210876465
1,2026-04-03,FESTIVO,raro,26,8,21.0,4025,72,12.212393522262573,12.066981077194214
1,2026-04-03,FESTIVO,raro,52,8,21.0,8548,195,8.511821985244751,8.124539613723755
1,2026-04-03,FESTIVO,raro,999,8,21.0,17447,154,7.482204914093018,4.691023826599121
1,2026-04-04,SABADO,ordinario,8,22,56.36363636363637,1013,154,32.00003199143843,15.34799931266091
1,2026-04-04,SABADO,ordinario,13,22,56.36363636363637,1855,164,27.121781262484465,15.187023336237127
1,2026-04-04,SABADO,ordinario,26,22,56.36363636363637,4025,229,29.244122245094992,17.131082014604047
1,2026-04-04,SABADO,ordinario,52,22,56.36363636363637,8547,153,27.20242032137784,17.113582957874645
1,2026-04-04,SABADO,ordinario,999,22,56.36363636363637,17474,154,29.24295598810369,21.647789695046164
1,2026-04-05,DOMINGO,ordinario,8,11,24.727272727272727,1016,183,9.09944673018022,8.024722706187855
1,2026-04-05,DOMINGO,ordinario,13,11,24.727272727272727,1855,153,8.176511591131037,8.122807242653586
1,2026-04-05,DOMINGO,ordinario,26,11,24.727272727272727,4025,147,8.471087889237838,7.856799559159712
1,2026-04-05,DOMINGO,ordinario,52,11,24.727272727272727,8546,255,5.624172904274681,2.7014281532981177
1,2026-04-05,DOMINGO,ordinario,999,11,24.727272727272727,17499,266,6.85402809489857,1.4225887818769976
1,2026-04-06,LABORAL,ordinario,8,28,121.78571428571429,1017,180,27.198787008013046,-12.113274846758161
1,2026-04-06,LABORAL,ordinario,13,28,121.78571428571429,1858,310,26.85193681716919,-12.109710761478969
1,2026-04-06,LABORAL,ordinario,26,28,121.78571428571429,4023,131,26.682684625898087,-6.123342377798898
1,2026-04-06,LABORAL,ordinario,52,28,121.78571428571429,8545,207,25.437541348593577,0.6832055364336286
1,2026-04-06,LABORAL,ordinario,999,28,121.78571428571429,17515,238,27.23885910851615,6.4473780904497415
1,2026-04-07,LABORAL,ordinario,8,26,139.73076923076923,1007,222,28.90039165203388,-14.201810836791992
1,2026-04-07,LABORAL,ordinario,13,26,139.73076923076923,1848,130,30.173997438870945,-17.936849447397087
1,2026-04-07,LABORAL,ordinario,26,26,139.73076923076923,4014,197,26.21049998356746,-13.946792895977314
1,2026-04-07,LABORAL,ordinario,52,26,139.73076923076923,8535,210,23.858227949876053,-5.631989992581881
1,2026-04-07,LABORAL,ordinario,999,26,139.73076923076923,17532,198,24.322995992807243,-0.2813412592961238
1,2026-04-08,LABORAL,ordinario,8,26,126.11538461538461,1006,176,29.15312987107497,-6.95033939068134
1,2026-04-08,LABORAL,ordinario,13,26,126.11538461538461,1849,123,28.253862674419697,-7.349221009474534
1,2026-04-08,LABORAL,ordinario,26,26,126.11538461538461,4013,120,26.852945914635292,-4.289753106924204
1,2026-04-08,LABORAL,ordinario,52,26,126.11538461538461,8534,203,26.593441302959736,0.09565969613882211
1,2026-04-08,LABORAL,ordinario,999,26,126.11538461538461,17558,180,28.296556326059196,7.93348869910607
1,2026-04-09,LABORAL,ordinario,8,27,115.51851851851852,1006,165,35.54241724367495,-29.680160734388565
1,2026-04-09,LABORAL,ordinario,13,27,115.51851851851852,1849,127,29.24582650926378,-13.603681423045971
1,2026-04-09,LABORAL,ordinario,26,27,115.51851851851852,4014,103,28.57037848013419,-6.066918690999349
1,2026-04-09,LABORAL,ordinario,52,27,115.51851851851852,8532,187,28.74109395345052,5.110267921730324
1,2026-04-09,LABORAL,ordinario,999,27,115.51851851851852,17584,192,31.40123649879738,15.764781104193794
1,2026-04-10,LABORAL,ordinario,8,26,128.07692307692307,1006,263,36.943705778855545,-32.05010648874136
1,2026-04-10,LABORAL,ordinario,13,26,128.07692307692307,1849,127,31.943014585054836,-18.229981935941257
1,2026-04-10,LABORAL,ordinario,26,26,128.07692307692307,4014,113,29.890554428100586,-15.584076661330004
1,2026-04-10,LABORAL,ordinario,52,26,128.07692307692307,8531,210,28.72563200730544,-2.789918459378756
1,2026-04-10,LABORAL,ordinario,999,26,128.07692307692307,17610,221,30.77417285625751,8.499725928673378
1,2026-04-11,SABADO,ordinario,8,24,77.25,1006,162,20.88434902826945,-4.5423611005147295
1,2026-04-11,SABADO,ordinario,13,24,77.25,1849,108,22.038061141967773,-1.6696926752726238
1,2026-04-11,SABADO,ordinario,26,24,77.25,4015,204,21.890669345855713,0.3515273729960124
1,2026-04-11,SABADO,ordinario,52,24,77.25,8530,222,22.633801698684692,6.034110943476359
1,2026-04-11,SABADO,ordinario,999,24,77.25,17637,285,24.196613947550457,10.452396392822266
1,2026-04-12,DOMINGO,ordinario,8,8,30.375,1006,143,6.195991277694702,-0.34741997718811035
1,2026-04-12,DOMINGO,ordinario,13,8,30.375,1848,124,5.633589744567871,0.5179014205932617
1,2026-04-12,DOMINGO,ordinario,26,8,30.375,4014,115,6.410048007965088,4.124640464782715
1,2026-04-12,DOMINGO,ordinario,52,8,30.375,8528,303,4.839155197143555,2.5852155685424805
1,2026-04-12,DOMINGO,ordinario,999,8,30.375,17662,308,5.868486404418945,3.93839168548584
1,2026-04-13,LABORAL,ordinario,8,27,118.03703703703704,1007,248,33.561662179452405,0.640986407244647
1,2026-04-13,LABORAL,ordinario,13,27,118.03703703703704,1844,310,31.344847643816912,1.6430190757468894
1,2026-04-13,LABORAL,ordinario,26,27,118.03703703703704,4008,103,29.783572938707138,3.2202110996952764
1,2026-04-13,LABORAL,ordinario,52,27,118.03703703703704,8519,124,30.198142298945672,10.99504894680447
1,2026-04-13,LABORAL,ordinario,999,27,118.03703703703704,17674,209,32.925085844816984,18.19102449770327
1,2026-04-14,LABORAL,ordinario,8,26,122.0,1007,411,33.85340250455416,7.463099112877479
1,2026-04-14,LABORAL,ordinario,13,26,122.0,1858,126,27.620042360745945,4.793749589186448
1,2026-04-14,LABORAL,ordinario,26,26,122.0,4019,165,31.01583510178786,7.081871032714844
1,2026-04-14,LABORAL,ordinario,52,26,122.0,8517,289,32.35650898860051,12.790575174184946
1,2026-04-14,LABORAL,ordinario,999,26,122.0,17700,323,34.24577830387996,20.10266083937425
1,2026-04-15,LABORAL,ordinario,8,26,108.5,1006,265,29.202814248891976,11.557968433086689
1,2026-04-15,LABORAL,ordinario,13,26,108.5,1858,108,28.2635131249061,12.712666144737831
1,2026-04-15,LABORAL,ordinario,26,26,108.5,4018,98,27.9630854679988,12.341987022986778
1,2026-04-15,LABORAL,ordinario,52,26,108.5,8516,367,29.36642837524414,16.747814178466797
1,2026-04-15,LABORAL,ordinario,999,26,108.5,17726,228,35.2584967980018,23.12482452392578
1,2026-04-16,LABORAL,ordinario,8,25,115.88,1004,189,35.828793334960935,6.031698608398438
1,2026-04-16,LABORAL,ordinario,13,25,115.88,1856,201,34.33936096191406,4.565598754882813
1,2026-04-16,LABORAL,ordinario,26,25,115.88,4016,363,35.78419311523437,7.006780395507812
1,2026-04-16,LABORAL,ordinario,52,25,115.88,8514,206,38.56287139892578,12.144499206542969
1,2026-04-16,LABORAL,ordinario,999,25,115.88,17751,461,40.26332183837891,17.09222686767578
1,2026-04-17,LABORAL,ordinario,8,25,124.72,993,180,30.46528778076172,-5.695361633300781
1,2026-04-17,LABORAL,ordinario,13,25,124.72,1845,112,29.80975524902344,-3.6251434326171874
1,2026-04-17,LABORAL,ordinario,26,25,124.72,4005,361,29.31396484375,-1.991781005859375
1,2026-04-17,LABORAL,ordinario,52,25,124.72,8509,271,27.44388641357422,2.862404479980469
1,2026-04-17,LABORAL,ordinario,999,25,124.72,17766,478,28.921844177246093,9.444764709472656
1,2026-04-18,SABADO,ordinario,8,26,71.38461538461539,973,261,15.75863060584435,5.646386366624099
1,2026-04-18,SABADO,ordinario,13,26,71.38461538461539,1828,127,12.962335146390474,4.157221280611479
1,2026-04-18,SABADO,ordinario,26,26,71.38461538461539,3985,130,12.951852284944975,7.589805529667781
1,2026-04-18,SABADO,ordinario,52,26,71.38461538461539,8499,115,14.70367248241718,11.386396774878868
1,2026-04-18,SABADO,ordinario,999,26,71.38461538461539,17774,451,19.848596279437725,18.728494057288536
1,2026-04-19,DOMINGO,ordinario,8,13,30.615384615384617,971,263,12.911940207848183,-0.45893463721642125
1,2026-04-19,DOMINGO,ordinario,13,13,30.615384615384617,1823,164,11.474311388455904,0.10460560138408954
1,2026-04-19,DOMINGO,ordinario,26,13,30.615384615384617,3981,196,12.278662021343525,1.6994304656982422
1,2026-04-19,DOMINGO,ordinario,52,13,30.615384615384617,8496,141,11.751917178814228,1.480168709388146
1,2026-04-19,DOMINGO,ordinario,999,13,30.615384615384617,17796,273,12.170103219839243,2.7480665353628306
1,2026-04-20,LABORAL,ordinario,8,26,121.15384615384616,970,169,32.61443358201247,-6.044471447284405
1,2026-04-20,LABORAL,ordinario,13,26,121.15384615384616,1819,188,32.624964200533356,-1.1191717294546275
1,2026-04-20,LABORAL,ordinario,26,26,121.15384615384616,3970,144,31.743067814753605,1.9146100557767427
1,2026-04-20,LABORAL,ordinario,52,26,121.15384615384616,8488,165,32.203126467191254,9.639944516695463
1,2026-04-20,LABORAL,ordinario,999,26,121.15384615384616,17807,254,34.72449346689078,17.43373254629282
1,2026-04-21,LABORAL,ordinario,8,27,117.22222222222223,971,206,42.03965893498174,2.5135230311640986
1,2026-04-21,LABORAL,ordinario,13,27,117.22222222222223,1820,107,39.84427706400553,1.7488315017135054
1,2026-04-21,LABORAL,ordinario,26,27,117.22222222222223,3971,222,40.08966686107494,4.705496893988715
1,2026-04-21,LABORAL,ordinario,52,27,117.22222222222223,8488,224,41.140198177761505,12.519790225558811
1,2026-04-21,LABORAL,ordinario,999,27,117.22222222222223,17835,279,43.46103654084382,19.330061594645183
1,2026-04-22,LABORAL,ordinario,8,24,117.45833333333333,970,57,28.450713475545246,-2.429960250854492
1,2026-04-22,LABORAL,ordinario,13,24,117.45833333333333,1819,119,30.49975872039795,-2.8746468226114907
1,2026-04-22,LABORAL,ordinario,26,24,117.45833333333333,3970,161,28.938629150390625,-2.8901487986246743
1,2026-04-22,LABORAL,ordinario,52,24,117.45833333333333,8487,170,30.337834040323894,5.887384414672852
1,2026-04-22,LABORAL,ordinario,999,24,117.45833333333333,17861,359,32.352990786234535,11.697494824727377
1,2026-04-23,LABORAL,ordinario,8,23,99.08695652173913,969,57,28.209119050399117,22.82719089673913
1,2026-04-23,LABORAL,ordinario,13,23,99.08695652173913,1818,81,27.25669230585513,21.26266844376274
1,2026-04-23,LABORAL,ordinario,26,23,99.08695652173913,3970,132,29.14167652959409,23.12413489300272
1,2026-04-23,LABORAL,ordinario,52,23,99.08695652173913,8486,118,33.42098368769107,28.310749551524285
1,2026-04-23,LABORAL,ordinario,999,23,99.08695652173913,17887,325,39.025626141092054,34.606536201808765
1,2026-04-24,LABORAL,ordinario,8,25,120.68,970,73,20.868710327148438,0.2024566650390625
1,2026-04-24,LABORAL,ordinario,13,25,120.68,1818,63,19.818258972167968,2.811562194824219
1,2026-04-24,LABORAL,ordinario,26,25,120.68,3971,164,22.31663818359375,2.393424072265625
1,2026-04-24,LABORAL,ordinario,52,25,120.68,8486,123,22.550969543457033,7.879602355957031
1,2026-04-24,LABORAL,ordinario,999,25,120.68,17914,227,24.690482177734374,13.360475463867187
1,2026-04-25,SABADO,ordinario,8,26,73.23076923076923,969,55,26.722555747398964,4.710477828979492
1,2026-04-25,SABADO,ordinario,13,26,73.23076923076923,1817,99,23.21968885568472,3.7978458404541016
1,2026-04-25,SABADO,ordinario,26,26,73.23076923076923,3970,102,24.107362747192383,6.261719483595628
1,2026-04-25,SABADO,ordinario,52,26,73.23076923076923,8485,99,26.04554865910457,10.780929858867939
1,2026-04-25,SABADO,ordinario,999,26,73.23076923076923,17940,211,25.969452711252067,13.465225146367
1,2026-04-26,DOMINGO,ordinario,8,9,28.0,969,66,13.176239013671875,8.467395358615452
1,2026-04-26,DOMINGO,ordinario,13,9,28.0,1817,63,11.158973693847656,6.914835611979167
1,2026-04-26,DOMINGO,ordinario,26,9,28.0,3970,133,10.744299782647026,5.706657197740343
1,2026-04-26,DOMINGO,ordinario,52,9,28.0,8482,153,10.974022759331596,5.947959899902344
1,2026-04-26,DOMINGO,ordinario,999,9,28.0,17964,267,11.470942179361979,6.471612718370226
1,2026-04-27,LABORAL,ordinario,8,27,111.0,965,59,28.78361737286603,2.4475617585358798
1,2026-04-27,LABORAL,ordinario,13,27,111.0,1814,71,28.648822077998407,4.765218381528501
1,2026-04-27,LABORAL,ordinario,26,27,111.0,3963,115,29.69615293432165,9.297219806247288
1,2026-04-27,LABORAL,ordinario,52,27,111.0,8479,189,32.577554844043874,15.82555467111093
1,2026-04-27,LABORAL,ordinario,999,27,111.0,17972,234,34.806388431125214,23.167897683602792
1,2026-04-28,LABORAL,ordinario,8,26,125.84615384615384,966,60,29.644231942983772,-3.1192462627704325
1,2026-04-28,LABORAL,ordinario,13,26,125.84615384615384,1814,96,31.132777727567234,-1.6902030064509466
1,2026-04-28,LABORAL,ordinario,26,26,125.84615384615384,3962,105,31.744790150569035,-1.7541094559889574
1,2026-04-28,LABORAL,ordinario,52,26,125.84615384615384,8478,150,30.389855018028847,5.771153963529146
1,2026-04-28,LABORAL,ordinario,999,26,125.84615384615384,17999,214,33.727887226985054,13.109589650080753
1,2026-04-29,LABORAL,ordinario,8,26,118.76923076923077,966,75,22.99983919583834,-0.6770430344801682
1,2026-04-29,LABORAL,ordinario,13,26,118.76923076923077,1814,75,22.87877655029297,-1.3464449368990385
1,2026-04-29,LABORAL,ordinario,26,26,118.76923076923077,3962,106,22.33395297710712,-1.4373171879695013
1,2026-04-29,LABORAL,ordinario,52,26,118.76923076923077,8476,91,22.866796640249397,6.508429894080529
1,2026-04-29,LABORAL,ordinario,999,26,118.76923076923077,18025,208,24.03952143742488,12.56705826979417
1,2026-04-30,LABORAL,ordinario,8,25,129.48,966,72,44.2713134765625,-13.738054809570313
1,2026-04-30,LABORAL,ordinario,13,25,129.48,1813,85,43.83901275634766,-13.578746643066406
1,2026-04-30,LABORAL,ordinario,26,25,129.48,3962,73,43.88060272216797,-13.168241271972656
1,2026-04-30,LABORAL,ordinario,52,25,129.48,8474,62,42.30765930175781,-6.141221923828125
1,2026-04-30,LABORAL,ordinario,999,25,129.48,18051,169,41.80947814941406,0.0180535888671875
1,2026-05-01,FESTIVO,raro,8,17,36.705882352941174,964,69,11.559911727905273,-5.046881170833812
1,2026-05-01,FESTIVO,raro,13,17,36.705882352941174,1812,75,12.791490218218636,-5.97672383925494
1,2026-05-01,FESTIVO,raro,26,17,36.705882352941174,3960,114,11.921535828534294,-7.401121588314281
1,2026-05-01,FESTIVO,raro,52,17,36.705882352941174,8483,79,12.03707919401281,-2.221905091229607
1,2026-05-01,FESTIVO,raro,999,17,36.705882352941174,18076,302,14.258632323321175,-1.8683818368350757
1,2026-05-02,SABADO,ordinario,8,26,73.07692307692308,962,63,23.90100259047288,-4.453796826876127
1,2026-05-02,SABADO,ordinario,13,26,73.07692307692308,1811,100,20.72544875511756,-5.282604657686674
1,2026-05-02,SABADO,ordinario,26,26,73.07692307692308,3958,110,20.328111941997822,-3.1513761373666616
1,2026-05-02,SABADO,ordinario,52,26,73.07692307692308,8481,137,19.797200423020584,6.781063373272236
1,2026-05-02,SABADO,ordinario,999,26,73.07692307692308,18101,183,23.50398489145132,13.338314643272987
1,2026-05-04,LABORAL,ordinario,8,27,119.29629629629629,969,95,28.025042286625617,-5.25674530311867
1,2026-05-04,LABORAL,ordinario,13,27,119.29629629629629,1811,67,28.3596002790663,-3.142311308119032
1,2026-05-04,LABORAL,ordinario,26,27,119.29629629629629,3952,102,28.09945629261158,1.2607343461778429
1,2026-05-04,LABORAL,ordinario,52,27,119.29629629629629,8479,96,28.55358632405599,6.174524095323351
1,2026-05-04,LABORAL,ordinario,999,27,119.29629629629629,18140,153,29.487638968008536,13.925748189290365
1,2026-05-05,LABORAL,ordinario,8,25,133.96,968,77,33.96753479003906,-11.0553173828125
1,2026-05-05,LABORAL,ordinario,13,25,133.96,1810,72,33.20476150512695,-8.203729095458984
1,2026-05-05,LABORAL,ordinario,26,25,133.96,3959,92,34.44357727050781,-6.44193115234375
1,2026-05-05,LABORAL,ordinario,52,25,133.96,8477,134,32.39961547851563,1.135594482421875
1,2026-05-05,LABORAL,ordinario,999,25,133.96,18166,168,34.95251983642578,6.477322082519532
1,2026-05-06,LABORAL,ordinario,8,25,107.6,969,74,33.114505004882815,10.256137084960937
1,2026-05-06,LABORAL,ordinario,13,25,107.6,1811,68,33.54098358154297,12.054956970214844
1,2026-05-06,LABORAL,ordinario,26,25,107.6,3959,90,34.20475830078125,12.435069580078125
1,2026-05-06,LABORAL,ordinario,52,25,107.6,8477,125,35.51891876220703,16.118729553222657
1,2026-05-06,LABORAL,ordinario,999,25,107.6,18193,155,38.519095764160156,23.421324768066405
1,2026-05-07,LABORAL,ordinario,8,27,114.14814814814815,967,83,24.051230395281756,4.178594094735605
1,2026-05-07,LABORAL,ordinario,13,27,114.14814814814815,1809,77,22.83534445586028,2.7829021171287254
1,2026-05-07,LABORAL,ordinario,26,27,114.14814814814815,3956,150,25.372428399545175,6.668492847018772
1,2026-05-07,LABORAL,ordinario,52,27,114.14814814814815,8473,147,24.997939780906396,10.055918093080875
1,2026-05-07,LABORAL,ordinario,999,27,114.14814814814815,18217,184,28.666210739700883,17.67674834639938
1,2026-05-08,LABORAL,ordinario,8,26,116.5,964,123,35.39225592980018,-1.7792070828951323
1,2026-05-08,LABORAL,ordinario,13,26,116.5,1805,107,33.86909514207106,-1.971909449650691
1,2026-05-08,LABORAL,ordinario,26,26,116.5,3954,75,33.340061774620644,-4.586485349214994
1,2026-05-08,LABORAL,ordinario,52,26,116.5,8469,96,33.06751221876878,1.6385765075683594
1,2026-05-08,LABORAL,ordinario,999,26,116.5,18240,147,34.234005854679985,12.332410959097055
1,2026-05-09,SABADO,ordinario,8,25,75.8,963,69,27.31879425048828,2.9737008666992186
1,2026-05-09,SABADO,ordinario,13,25,75.8,1804,65,26.919227752685547,5.002184906005859
1,2026-05-09,SABADO,ordinario,26,25,75.8,3953,82,26.931250915527343,6.328652038574218
1,2026-05-09,SABADO,ordinario,52,25,75.8,8466,116,26.91020797729492,8.844056854248047
1,2026-05-09,SABADO,ordinario,999,25,75.8,18265,136,29.08244934082031,14.898992309570312
1,2026-05-10,DOMINGO,ordinario,8,10,37.2,963,81,10.274815368652344,-5.293400573730469
1,2026-05-10,DOMINGO,ordinario,13,10,37.2,1808,84,9.459735870361328,-3.715987777709961
1,2026-05-10,DOMINGO,ordinario,26,10,37.2,3955,81,10.719179916381837,-1.9921932220458984
1,2026-05-10,DOMINGO,ordinario,52,10,37.2,8465,101,10.206483459472656,-1.6041038513183594
1,2026-05-10,DOMINGO,ordinario,999,10,37.2,18291,166,10.039384651184083,-2.313241386413574
1,2026-05-11,LABORAL,ordinario,8,26,105.57692307692308,957,95,32.85520245478703,14.843288861788237
1,2026-05-11,LABORAL,ordinario,13,26,105.57692307692308,1802,90,32.10740881699782,16.609316165630634
1,2026-05-11,LABORAL,ordinario,26,26,105.57692307692308,3948,76,33.362352224496696,19.40838857797476
1,2026-05-11,LABORAL,ordinario,52,26,105.57692307692308,8457,98,36.08185577392578,24.90838329608624
1,2026-05-11,LABORAL,ordinario,999,26,105.57692307692308,18300,188,42.44566902747521,32.97058193500225
1,2026-05-12,LABORAL,ordinario,8,26,116.46153846153847,958,73,23.886517744797928,5.962021167461689
1,2026-05-12,LABORAL,ordinario,13,26,116.46153846153847,1802,120,22.627122438870945,8.997293619009165
1,2026-05-12,LABORAL,ordinario,26,26,116.46153846153847,3949,75,25.404410435603214,10.96487045288086
1,2026-05-12,LABORAL,ordinario,52,26,116.46153846153847,8457,106,25.900930257943962,16.55234615619366
1,2026-05-12,LABORAL,ordinario,999,26,116.46153846153847,18327,429,28.757859743558445,24.52244127713717
1,2026-05-13,LABORAL,ordinario,8,26,116.11538461538461,958,69,34.87080471332256,1.6793427100548377
1,2026-05-13,LABORAL,ordinario,13,26,116.11538461538461,1801,60,34.49980897169847,3.569629669189453
1,2026-05-13,LABORAL,ordinario,26,26,116.11538461538461,3947,82,35.41085492647611,4.0571597172663765
1,2026-05-13,LABORAL,ordinario,52,26,116.11538461538461,8456,228,34.556059030386116,6.947413517878606
1,2026-05-13,LABORAL,ordinario,999,26,116.11538461538461,18353,249,35.33848982590895,13.622415395883413
1,2026-05-14,LABORAL,ordinario,8,27,110.18518518518519,958,64,20.163866255018448,1.9829964814362702
1,2026-05-14,LABORAL,ordinario,13,27,110.18518518518519,1801,86,19.13940825285735,6.66625580964265
1,2026-05-14,LABORAL,ordinario,26,27,110.18518518518519,3946,101,18.582354227701824,6.646634419759114
1,2026-05-14,LABORAL,ordinario,52,27,110.18518518518519,8455,110,21.282238147876882,12.474555404097945
1,2026-05-14,LABORAL,ordinario,999,27,110.18518518518519,18379,416,24.31485833062066,17.50916035970052
1,2026-05-15,LABORAL,ordinario,8,26,121.03846153846153,957,66,25.67402032705454,-3.4814866872934194
1,2026-05-15,LABORAL,ordinario,13,26,121.03846153846153,1800,72,25.82292967576247,-0.7386131286621094
1,2026-05-15,LABORAL,ordinario,26,26,121.03846153846153,3946,92,26.702124669001652,0.16071231548602766
1,2026-05-15,LABORAL,ordinario,52,26,121.03846153846153,8453,91,27.033611884483925,4.992291670579177
1,2026-05-15,LABORAL,ordinario,999,26,121.03846153846153,18404,247,30.745042360745945,12.169210287240835
1,2026-05-16,SABADO,ordinario,8,25,80.2,947,189,33.264603729248044,1.4876966857910157
1,2026-05-16,SABADO,ordinario,13,25,80.2,1790,155,28.358202819824218,1.2923312377929688
1,2026-05-16,SABADO,ordinario,26,25,80.2,3936,83,30.755929260253907,3.9209225463867186
1,2026-05-16,SABADO,ordinario,52,25,80.2,8442,63,30.282214050292968,6.927729187011718
1,2026-05-16,SABADO,ordinario,999,25,80.2,18421,227,30.032327423095705,10.157824249267579
1,2026-05-17,DOMINGO,ordinario,8,8,31.25,948,232,10.199376106262207,0.945399284362793
1,2026-05-17,DOMINGO,ordinario,13,8,31.25,1791,184,10.702413558959961,2.714254379272461
1,2026-05-17,DOMINGO,ordinario,26,8,31.25,3937,67,11.26635217666626,4.914889812469482
1,2026-05-17,DOMINGO,ordinario,52,8,31.25,8441,110,10.33960223197937,2.99363112449646
1,2026-05-17,DOMINGO,ordinario,999,8,31.25,18447,236,11.24297022819519,5.23832106590271
1,2026-05-18,FESTIVO_PUENTE,raro,8,13,28.615384615384617,938,79,10.314191524799053,3.1638434483454776
1,2026-05-18,FESTIVO_PUENTE,raro,13,13,28.615384615384617,1786,155,9.982080753032978,-1.6966363466702974
1,2026-05-18,FESTIVO_PUENTE,raro,26,13,28.615384615384617,3927,50,14.929127913254957,11.827169271615835
1,2026-05-18,FESTIVO_PUENTE,raro,52,13,28.615384615384617,8428,59,13.343855197613056,8.629043725820688
1,2026-05-18,FESTIVO_PUENTE,raro,999,13,28.615384615384617,18453,187,10.983200366680439,0.9070211557241586
1,2026-05-19,LABORAL,ordinario,8,26,127.07692307692308,948,105,27.1665279681866,-8.652744586651142
1,2026-05-19,LABORAL,ordinario,13,26,127.07692307692308,1787,181,27.632208310640774,-6.347782135009766
1,2026-05-19,LABORAL,ordinario,26,26,127.07692307692308,3937,74,27.52092508169321,-2.9920308039738583
1,2026-05-19,LABORAL,ordinario,52,26,127.07692307692308,8427,153,28.683638939490685,6.038372920109675
1,2026-05-19,LABORAL,ordinario,999,26,127.07692307692308,18480,227,31.65385290292593,15.682520059438852
1,2026-05-20,LABORAL,ordinario,8,26,117.03846153846153,947,171,34.001972491924576,1.4151576115534856
1,2026-05-20,LABORAL,ordinario,13,26,117.03846153846153,1785,218,34.88777013925406,4.114788642296424
1,2026-05-20,LABORAL,ordinario,26,26,117.03846153846153,3936,155,34.51458329420824,3.9441275963416467
1,2026-05-20,LABORAL,ordinario,52,26,117.03846153846153,8425,67,36.760409135084885,10.803362039419321
1,2026-05-20,LABORAL,ordinario,999,26,117.03846153846153,18505,140,39.98679557213416,15.890819549560547
1,2026-05-22,LABORAL,ordinario,8,26,108.42307692307692,947,154,26.973350231464092,4.757836855374849
1,2026-05-22,LABORAL,ordinario,13,26,108.42307692307692,1784,234,27.493221576397236,6.41966306246244
1,2026-05-22,LABORAL,ordinario,26,26,108.42307692307692,3935,90,26.78032537607046,7.287593254676232
1,2026-05-22,LABORAL,ordinario,52,26,108.42307692307692,8423,74,29.028929490309494,14.548689622145433
1,2026-05-22,LABORAL,ordinario,999,26,108.42307692307692,18557,141,31.066215221698467,19.18797331589919
1,2026-05-23,SABADO,ordinario,8,23,79.95652173913044,946,111,29.815577133842137,-19.82791220623514
1,2026-05-23,SABADO,ordinario,13,23,79.95652173913044,1782,361,30.664097163988195,-19.98433602374533
1,2026-05-23,SABADO,ordinario,26,23,79.95652173913044,3935,209,25.731693765391473,-6.518400441045347
1,2026-05-23,SABADO,ordinario,52,23,79.95652173913044,8422,100,24.581736025602922,-1.5668859067170515
1,2026-05-23,SABADO,ordinario,999,23,79.95652173913044,18583,170,22.41654520449431,-0.11016928631326427
1,2026-05-24,DOMINGO,ordinario,8,12,27.583333333333332,946,184,10.035166422526041,1.299417495727539
1,2026-05-24,DOMINGO,ordinario,13,12,27.583333333333332,1783,587,10.041094144185385,3.022308349609375
1,2026-05-24,DOMINGO,ordinario,26,12,27.583333333333332,3937,287,10.09627374013265,5.236737887064616
1,2026-05-24,DOMINGO,ordinario,52,12,27.583333333333332,8421,269,9.090174674987793,5.938034375508626
1,2026-05-24,DOMINGO,ordinario,999,12,27.583333333333332,18608,335,9.240237871805826,6.160297711690267
1,2026-05-25,LABORAL,ordinario,8,27,114.37037037037037,944,129,30.634632958306206,-7.138454437255859
1,2026-05-25,LABORAL,ordinario,13,27,114.37037037037037,1781,228,30.96601097672074,-8.70269231443052
1,2026-05-25,LABORAL,ordinario,26,27,114.37037037037037,3935,206,31.029629318802446,-4.061707814534505
1,2026-05-25,LABORAL,ordinario,52,27,114.37037037037037,8413,71,30.079333552607782,5.246391296386719
1,2026-05-25,LABORAL,ordinario,999,27,114.37037037037037,18618,148,32.675482008192276,17.781283060709637
1,2026-05-26,LABORAL,ordinario,8,26,121.76923076923077,944,138,29.03764871450571,0.6162103506234976
1,2026-05-26,LABORAL,ordinario,13,26,121.76923076923077,1780,453,28.821186065673828,2.3408569922814
1,2026-05-26,LABORAL,ordinario,26,26,121.76923076923077,3935,268,32.08666904156025,4.864334986760066
1,2026-05-26,LABORAL,ordinario,52,26,121.76923076923077,8412,114,30.798351287841797,10.419195028451773
1,2026-05-26,LABORAL,ordinario,999,26,121.76923076923077,18644,124,33.06077810434195,17.62068293644832
1,2026-05-27,LABORAL,ordinario,8,25,116.16,944,92,33.60944702148438,-4.359618530273438
1,2026-05-27,LABORAL,ordinario,13,25,116.16,1779,189,32.21511672973633,1.510603485107422
1,2026-05-27,LABORAL,ordinario,26,25,116.16,3934,173,31.807120819091796,0.3618171691894531
1,2026-05-27,LABORAL,ordinario,52,25,116.16,8410,84,32.51368255615235,8.432846984863282
1,2026-05-27,LABORAL,ordinario,999,25,116.16,18670,122,36.158685302734376,14.733082275390625
1,2026-05-28,LABORAL,ordinario,8,26,112.3076923076923,945,109,30.227604205791767,1.6496353149414062
1,2026-05-28,LABORAL,ordinario,13,26,112.3076923076923,1778,99,30.81134209266076,-0.2503474308894231
1,2026-05-28,LABORAL,ordinario,26,26,112.3076923076923,3934,116,30.929545916043796,-1.7983370560866137
1,2026-05-28,LABORAL,ordinario,52,26,112.3076923076923,8410,107,30.816500150240383,7.26603757418119
1,2026-05-28,LABORAL,ordinario,999,26,112.3076923076923,18696,138,35.082915379450874,22.456957010122444
1,2026-05-29,LABORAL,ordinario,8,26,114.88461538461539,957,95,22.677484072171726,-4.789119133582482
1,2026-05-29,LABORAL,ordinario,13,26,114.88461538461539,1779,124,22.007657124445988,2.585995160616361
1,2026-05-29,LABORAL,ordinario,26,26,114.88461538461539,3935,156,23.543555333064152,3.7813799931452823
1,2026-05-29,LABORAL,ordinario,52,26,114.88461538461539,8411,85,25.129340245173527,9.73943358201247
1,2026-05-29,LABORAL,ordinario,999,26,114.88461538461539,18723,112,29.537205329308144,14.829044928917519
1,2026-05-30,SABADO,ordinario,8,23,73.34782608695652,975,70,25.342312356700067,10.23216380243716
1,2026-05-30,SABADO,ordinario,13,23,73.34782608695652,1778,104,23.385967586351477,6.958719834037449
1,2026-05-30,SABADO,ordinario,26,23,73.34782608695652,3935,107,23.746379520582117,9.284259796142578
1,2026-05-30,SABADO,ordinario,52,23,73.34782608695652,8410,86,25.58291659147843,14.743852366571842
1,2026-05-30,SABADO,ordinario,999,23,73.34782608695652,18749,122,30.53844684103261,21.050686380137567
1,2026-05-31,DOMINGO,ordinario,8,9,43.111111111111114,978,73,16.310219234890408,-7.153177897135417
1,2026-05-31,DOMINGO,ordinario,13,9,43.111111111111114,1779,66,18.865624533759224,-10.04861471388075
1,2026-05-31,DOMINGO,ordinario,26,9,43.111111111111114,3937,111,19.989999135335285,-8.512778811984592
1,2026-05-31,DOMINGO,ordinario,52,9,43.111111111111114,8409,82,16.32139566209581,-8.4785828060574
1,2026-05-31,DOMINGO,ordinario,999,9,43.111111111111114,18774,109,17.851930406358505,-8.479913499620226
1,2026-06-01,LABORAL,ordinario,8,25,114.4,975,96,31.441101684570313,2.5474066162109374
1,2026-06-01,LABORAL,ordinario,13,25,114.4,1775,93,31.792729797363283,6.078838806152344
1,2026-06-01,LABORAL,ordinario,26,25,114.4,3930,120,31.99670379638672,7.271853332519531
1,2026-06-01,LABORAL,ordinario,52,25,114.4,8397,81,33.02550170898437,14.073749389648437
1,2026-06-01,LABORAL,ordinario,999,25,114.4,18782,122,35.74013610839844,23.424896240234375
1,2026-06-02,LABORAL,ordinario,8,26,118.26923076923077,960,45,32.680648216834435,-2.213498042179988
1,2026-06-02,LABORAL,ordinario,13,26,118.26923076923077,1762,69,32.861085158128006,1.089800321138822
1,2026-06-02,LABORAL,ordinario,26,26,118.26923076923077,3916,73,33.45497395442082,0.6598408038799579
1,2026-06-02,LABORAL,ordinario,52,26,118.26923076923077,8391,92,32.89305026714619,9.621975531944862
1,2026-06-02,LABORAL,ordinario,999,26,118.26923076923077,18795,149,35.22399168748122,17.845411740816555
1,2026-06-03,LABORAL,ordinario,8,25,113.84,960,56,23.118568420410156,3.0882247924804687
1,2026-06-03,LABORAL,ordinario,13,25,113.84,1762,76,25.047277526855467,4.997752380371094
1,2026-06-03,LABORAL,ordinario,26,25,113.84,3916,117,23.44201843261719,4.1907720947265625
1,2026-06-03,LABORAL,ordinario,52,25,113.84,8390,102,26.55941162109375,12.31177978515625
1,2026-06-03,LABORAL,ordinario,999,25,113.84,18821,172,30.04367889404297,17.582801818847656
1,2026-06-04,LABORAL,ordinario,8,26,103.57692307692308,960,114,25.44084959763747,8.501917618971605
1,2026-06-04,LABORAL,ordinario,13,26,103.57692307692308,1762,72,24.14298703120305,9.940887891329252
1,2026-06-04,LABORAL,ordinario,26,26,103.57692307692308,3916,85,24.183473587036133,10.64156121474046
1,2026-06-04,LABORAL,ordinario,52,26,103.57692307692308,8388,128,28.003128345196064,19.80412791325496
1,2026-06-04,LABORAL,ordinario,999,26,103.57692307692308,18847,199,31.965743431678185,25.122698857234074
1,2026-06-05,LABORAL,ordinario,8,26,114.57692307692308,933,59,27.89751434326172,-2.9630702092097354
1,2026-06-05,LABORAL,ordinario,13,26,114.57692307692308,1735,58,27.969545511099007,-0.42388123732346755
1,2026-06-05,LABORAL,ordinario,26,26,114.57692307692308,3889,76,28.425165323110726,1.0210609436035156
1,2026-06-05,LABORAL,ordinario,52,26,114.57692307692308,8361,107,29.135240114652195,8.326982644888071
1,2026-06-05,LABORAL,ordinario,999,26,114.57692307692308,18847,199,31.844773806058445,13.28427270742563
1,2026-06-06,SABADO,ordinario,8,21,84.80952380952381,933,75,29.23347654796782,-1.461102803548177
1,2026-06-06,SABADO,ordinario,13,21,84.80952380952381,1734,55,27.937996273949032,1.1667654854910714
1,2026-06-06,SABADO,ordinario,26,21,84.80952380952381,3888,108,29.389569055466424,-1.6444947378976005
1,2026-06-06,SABADO,ordinario,52,21,84.80952380952381,8360,109,29.041457948230562,2.2188119434175038
1,2026-06-06,SABADO,ordinario,999,21,84.80952380952381,18873,151,29.204891386486235,6.786869594029018
1,2026-06-07,DOMINGO,ordinario,8,17,29.647058823529413,932,68,10.548807480755974,7.407035603242762
1,2026-06-07,DOMINGO,ordinario,13,17,29.647058823529413,1734,83,11.888075323665843,4.092542423921473
1,2026-06-07,DOMINGO,ordinario,26,17,29.647058823529413,3885,79,12.345429700963637,4.321450289557962
1,2026-06-07,DOMINGO,ordinario,52,17,29.647058823529413,8358,100,13.441769992603975,4.452410080853631
1,2026-06-07,DOMINGO,ordinario,999,17,29.647058823529413,18896,150,12.452119939467487,4.4709685830508965
1,2026-06-08,FESTIVO_PUENTE,raro,8,8,24.625,936,76,19.68187379837036,16.00544023513794
1,2026-06-08,FESTIVO_PUENTE,raro,13,8,24.625,1737,71,14.591548681259155,10.497253179550171
1,2026-06-08,FESTIVO_PUENTE,raro,26,8,24.625,3880,75,13.466303825378418,9.198617935180664
1,2026-06-08,FESTIVO_PUENTE,raro,52,8,24.625,8354,111,14.39168930053711,8.694985389709473
1,2026-06-08,FESTIVO_PUENTE,raro,999,8,24.625,18908,128,11.741974115371704,6.543536424636841
1,2026-06-09,LABORAL,ordinario,8,25,114.64,936,63,27.317222595214844,0.9787380981445313
1,2026-06-09,LABORAL,ordinario,13,25,114.64,1737,62,27.625050354003907,4.932832336425781
1,2026-06-09,LABORAL,ordinario,26,25,114.64,3895,114,27.4221630859375,8.7738427734375
1,2026-06-09,LABORAL,ordinario,52,25,114.64,8354,136,29.95735870361328,17.116102600097655
1,2026-06-09,LABORAL,ordinario,999,25,114.64,18935,250,35.669739685058595,29.616347351074218
1,2026-06-10,LABORAL,ordinario,8,24,91.83333333333333,936,72,39.48289394378662,27.715157508850098
1,2026-06-10,LABORAL,ordinario,13,24,91.83333333333333,1737,66,38.681389808654785,27.32347011566162
1,2026-06-10,LABORAL,ordinario,26,24,91.83333333333333,3895,88,39.39799944559733,26.39793523152669
1,2026-06-10,LABORAL,ordinario,52,24,91.83333333333333,8352,107,43.1091521581014,34.855025927225746
1,2026-06-10,LABORAL,ordinario,999,24,91.83333333333333,18961,142,44.45280647277832,37.570273081461586
3,2026-04-02,FESTIVO,raro,8,19,31.0,1030,83,97.84700574372944,97.84700574372944
3,2026-04-02,FESTIVO,raro,13,19,31.0,1851,185,23.11813605459113,18.97477792438708
3,2026-04-02,FESTIVO,raro,26,19,31.0,4079,83,14.850832286633944,4.228512211849815
3,2026-04-02,FESTIVO,raro,52,19,31.0,8671,135,14.150232415450247,2.596199637965152
3,2026-04-02,FESTIVO,raro,999,19,31.0,17725,95,15.979338194194593,6.482308437949733
3,2026-04-03,FESTIVO,raro,8,11,21.818181818181817,1031,77,112.08560874245383,112.08560874245383
3,2026-04-03,FESTIVO,raro,13,11,21.818181818181817,1872,142,26.99784868413752,25.080197941173207
3,2026-04-03,FESTIVO,raro,26,11,21.818181818181817,4079,86,9.278451052579014,7.413398742675781
3,2026-04-03,FESTIVO,raro,52,11,21.818181818181817,8669,98,11.626278617165305,8.281750072132457
3,2026-04-03,FESTIVO,raro,999,11,21.818181818181817,17751,88,13.777409813620828,11.976382342251865
3,2026-04-04,SABADO,ordinario,8,23,60.17391304347826,1030,195,48.27930035798446,41.611651379129164
3,2026-04-04,SABADO,ordinario,13,23,60.17391304347826,1873,135,38.611239391824476,29.093822147535242
3,2026-04-04,SABADO,ordinario,26,23,60.17391304347826,4078,83,40.848119321076766,36.619664731233016
3,2026-04-04,SABADO,ordinario,52,23,60.17391304347826,8666,111,29.624819548233695,20.957743105681047
3,2026-04-04,SABADO,ordinario,999,23,60.17391304347826,17777,117,30.615543365478516,26.262960516888164
3,2026-04-05,DOMINGO,ordinario,8,11,27.181818181818183,1028,122,8.719073729081588,7.4830944754860615
3,2026-04-05,DOMINGO,ordinario,13,11,27.181818181818183,1874,183,11.006780450994318,10.401433771306818
3,2026-04-05,DOMINGO,ordinario,26,11,27.181818181818183,4078,112,15.81483182040128,15.81483182040128
3,2026-04-05,DOMINGO,ordinario,52,11,27.181818181818183,8663,91,7.681124427101829,6.158514369617809
3,2026-04-05,DOMINGO,ordinario,999,11,27.181818181818183,17801,238,8.50187128240412,7.204509388316762
3,2026-04-06,LABORAL,ordinario,8,27,146.85185185185185,1030,97,28.139354847095632,-11.544100443522135
3,2026-04-06,LABORAL,ordinario,13,27,146.85185185185185,1879,235,30.798657381976092,-11.99079958597819
3,2026-04-06,LABORAL,ordinario,26,27,146.85185185185185,4076,90,29.06755221331561,-5.363959559687862
3,2026-04-06,LABORAL,ordinario,52,27,146.85185185185185,8664,108,27.863812340630425,1.9601003858778212
3,2026-04-06,LABORAL,ordinario,999,27,146.85185185185185,17818,177,30.61455323961046,9.30918418036567
3,2026-04-07,LABORAL,ordinario,8,26,163.5,1021,151,42.868254734919624,-15.513939784123348
3,2026-04-07,LABORAL,ordinario,13,26,163.5,1870,87,43.115559357863205,-18.40117835998535
3,2026-04-07,LABORAL,ordinario,26,26,163.5,4067,87,41.55553715045635,-12.22380256652832
3,2026-04-07,LABORAL,ordinario,52,26,163.5,8654,122,39.049225293673004,-5.194964042076697
3,2026-04-07,LABORAL,ordinario,999,26,163.5,17836,119,37.67414929316594,-0.7643947601318359
3,2026-04-08,LABORAL,ordinario,8,27,146.40740740740742,1020,182,33.13920282434534,-8.183805960196036
3,2026-04-08,LABORAL,ordinario,13,27,146.40740740740742,1871,183,31.47045644124349,-8.679517675329137
3,2026-04-08,LABORAL,ordinario,26,27,146.40740740740742,4066,156,32.18436177571615,-6.181261698404948
3,2026-04-08,LABORAL,ordinario,52,27,146.40740740740742,8653,100,35.037951716670285,0.23590003119574654
3,2026-04-08,LABORAL,ordinario,999,27,146.40740740740742,17863,120,36.92026279590748,6.181835739700882
3,2026-04-09,LABORAL,ordinario,8,27,139.2962962962963,1017,243,43.75406844527633,-8.930339106807002
3,2026-04-09,LABORAL,ordinario,13,27,139.2962962962963,1869,165,42.305810151276766,-11.055189627188224
3,2026-04-09,LABORAL,ordinario,26,27,139.2962962962963,4063,97,41.2461701852304,-8.420357174343533
3,2026-04-09,LABORAL,ordinario,52,27,139.2962962962963,8650,110,37.634659661187065,1.2253135398582176
3,2026-04-09,LABORAL,ordinario,999,27,139.2962962962963,17887,125,40.78270071524161,10.828189143428096
3,2026-04-10,LABORAL,ordinario,8,27,143.03703703703704,1016,138,47.68574481540256,-14.19877638640227
3,2026-04-10,LABORAL,ordinario,13,27,143.03703703703704,1869,249,41.283261899594905,-11.34797951027199
3,2026-04-10,LABORAL,ordinario,26,27,143.03703703703704,4065,156,41.85119600649233,-10.991696110478154
3,2026-04-10,LABORAL,ordinario,52,27,143.03703703703704,8650,102,38.911043379041885,-2.723284544768157
3,2026-04-10,LABORAL,ordinario,999,27,143.03703703703704,17914,127,39.24215952555338,7.952071860984519
3,2026-04-11,SABADO,ordinario,8,24,98.04166666666667,1016,271,30.81425428390503,-8.748490492502848
3,2026-04-11,SABADO,ordinario,13,24,98.04166666666667,1870,318,29.182514190673828,-10.840304692586264
3,2026-04-11,SABADO,ordinario,26,24,98.04166666666667,4065,132,30.374652067820232,-8.799522558848063
3,2026-04-11,SABADO,ordinario,52,24,98.04166666666667,8649,149,26.916778405507404,-4.665850798288981
3,2026-04-11,SABADO,ordinario,999,24,98.04166666666667,17941,127,29.08831326166789,3.503945509592692
3,2026-04-12,DOMINGO,ordinario,8,8,28.375,1017,211,7.223119735717773,4.048709869384766
3,2026-04-12,DOMINGO,ordinario,13,8,28.375,1870,161,7.2358245849609375,5.50911283493042
3,2026-04-12,DOMINGO,ordinario,26,8,28.375,4063,112,5.873356819152832,3.528451919555664
3,2026-04-12,DOMINGO,ordinario,52,8,28.375,8647,168,5.846606016159058,5.338825941085815
3,2026-04-12,DOMINGO,ordinario,999,8,28.375,17966,114,8.576208591461182,8.576208591461182
3,2026-04-13,LABORAL,ordinario,8,27,131.07407407407408,1018,271,33.01511552598741,12.378030565049913
3,2026-04-13,LABORAL,ordinario,13,27,131.07407407407408,1867,204,35.55774109451859,14.724361137107566
3,2026-04-13,LABORAL,ordinario,26,27,131.07407407407408,4061,101,34.68172511348018,14.629815843370226
3,2026-04-13,LABORAL,ordinario,52,27,131.07407407407408,8639,108,38.70373379742658,22.432805520516855
3,2026-04-13,LABORAL,ordinario,999,27,131.07407407407408,17980,171,44.783255683051216,29.267322681568288
3,2026-04-14,LABORAL,ordinario,8,28,140.07142857142858,1016,152,32.58191776275635,1.15138122013637
3,2026-04-14,LABORAL,ordinario,13,28,140.07142857142858,1880,205,31.666145733424596,1.8658958162580217
3,2026-04-14,LABORAL,ordinario,26,28,140.07142857142858,4071,256,32.39295196533203,7.00268200465611
3,2026-04-14,LABORAL,ordinario,52,28,140.07142857142858,8636,154,32.204611369541716,11.709700175694056
3,2026-04-14,LABORAL,ordinario,999,28,140.07142857142858,18006,126,33.81726033346994,18.192937442234584
3,2026-04-15,LABORAL,ordinario,8,27,134.66666666666666,1016,196,32.36549815425166,3.1409017774793835
3,2026-04-15,LABORAL,ordinario,13,27,134.66666666666666,1879,207,29.045818893997758,5.199708867956091
3,2026-04-15,LABORAL,ordinario,26,27,134.66666666666666,4070,176,29.310310222484446,7.460160008183232
3,2026-04-15,LABORAL,ordinario,52,27,134.66666666666666,8634,234,28.688556671142578,12.877875292742694
3,2026-04-15,LABORAL,ordinario,999,27,134.66666666666666,18032,203,31.001577730532045,19.6341833891692
3,2026-04-16,LABORAL,ordinario,8,27,130.37037037037038,1014,150,27.48719702826606,7.499546474880642
3,2026-04-16,LABORAL,ordinario,13,27,130.37037037037038,1877,144,24.903530968560112,6.714946464256004
3,2026-04-16,LABORAL,ordinario,26,27,130.37037037037038,4067,213,28.624384844744647,9.01161476417824
3,2026-04-16,LABORAL,ordinario,52,27,130.37037037037038,8632,113,29.502992276792174,16.86737611558702
3,2026-04-16,LABORAL,ordinario,999,27,130.37037037037038,18057,278,32.70773244787146,23.871405001039857
3,2026-04-17,LABORAL,ordinario,8,26,145.0,1007,164,31.5839110154372,-9.352040804349459
3,2026-04-17,LABORAL,ordinario,13,26,145.0,1869,230,30.37151864858774,-7.397942469670222
3,2026-04-17,LABORAL,ordinario,26,26,145.0,4059,168,29.729654752291164,-7.102976578932542
3,2026-04-17,LABORAL,ordinario,52,26,145.0,8633,170,28.25966893709623,2.1241559248704176
3,2026-04-17,LABORAL,ordinario,999,26,145.0,18076,144,31.762042705829327,8.518456092247597
3,2026-04-18,SABADO,ordinario,8,25,83.96,992,137,27.913487701416017,11.436791229248048
3,2026-04-18,SABADO,ordinario,13,25,83.96,1853,251,27.33823944091797,12.012735900878907
3,2026-04-18,SABADO,ordinario,26,25,83.96,4045,314,25.95139892578125,11.91665283203125
3,2026-04-18,SABADO,ordinario,52,25,83.96,8626,155,27.407168884277343,15.403876953125
3,2026-04-18,SABADO,ordinario,999,25,83.96,18087,183,30.40853210449219,22.07000549316406
3,2026-04-19,DOMINGO,ordinario,8,11,31.636363636363637,990,233,12.165640744295986,-2.2165905345569956
3,2026-04-19,DOMINGO,ordinario,13,11,31.636363636363637,1851,370,10.655797264792703,-0.5048819455233488
3,2026-04-19,DOMINGO,ordinario,26,11,31.636363636363637,4042,267,9.00135560469194,0.20814444802024148
3,2026-04-19,DOMINGO,ordinario,52,11,31.636363636363637,8622,157,8.982538396661932,0.3003512295809659
3,2026-04-19,DOMINGO,ordinario,999,11,31.636363636363637,18110,296,8.100074074485086,0.6822995272549716
3,2026-04-20,LABORAL,ordinario,8,27,135.85185185185185,987,294,30.349190323441118,2.2981779310438366
3,2026-04-20,LABORAL,ordinario,13,27,135.85185185185185,1846,324,33.098039132577405,4.987055178041811
3,2026-04-20,LABORAL,ordinario,26,27,135.85185185185185,4033,149,31.550141369854963,8.170064431649667
3,2026-04-20,LABORAL,ordinario,52,27,135.85185185185185,8612,110,30.69635221693251,16.07131830851237
3,2026-04-20,LABORAL,ordinario,999,27,135.85185185185185,18121,212,34.93125194973416,22.46781285603841
3,2026-04-21,LABORAL,ordinario,8,27,147.92592592592592,987,219,37.099774537263094,-12.645818498399523
3,2026-04-21,LABORAL,ordinario,13,27,147.92592592592592,1846,190,34.20177495038068,-8.735475540161133
3,2026-04-21,LABORAL,ordinario,26,27,147.92592592592592,4032,258,34.98205439249674,-4.589110056559245
3,2026-04-21,LABORAL,ordinario,52,27,147.92592592592592,8611,262,32.801685403894496,4.305028915405273
3,2026-04-21,LABORAL,ordinario,999,27,147.92592592592592,18148,353,34.859862857394745,9.742254327844691
3,2026-04-22,LABORAL,ordinario,8,27,130.1851851851852,985,177,38.081968519422745,8.961811772099248
3,2026-04-22,LABORAL,ordinario,13,27,130.1851851851852,1845,247,37.26061545477973,5.9705396581579135
3,2026-04-22,LABORAL,ordinario,26,27,130.1851851851852,4031,213,35.99856157656069,6.972165566903573
3,2026-04-22,LABORAL,ordinario,52,27,130.1851851851852,8608,112,40.59418416906286,15.888669190583405
3,2026-04-22,LABORAL,ordinario,999,27,130.1851851851852,18174,207,45.5348989698622,22.269123642532914
3,2026-04-23,LABORAL,ordinario,8,22,130.1818181818182,985,253,30.13796476884322,13.488690809770064
3,2026-04-23,LABORAL,ordinario,13,22,130.1818181818182,1845,199,29.747743953358043,14.309099544178356
3,2026-04-23,LABORAL,ordinario,26,22,130.1818181818182,4031,270,29.862943302501332,14.616833600130947
3,2026-04-23,LABORAL,ordinario,52,22,130.1818181818182,8607,243,29.286286440762606,19.862397974187676
3,2026-04-23,LABORAL,ordinario,999,22,130.1818181818182,18201,191,31.78983532298695,25.75215859846635
3,2026-04-24,LABORAL,ordinario,8,25,131.08,985,280,40.67154022216797,7.840688781738281
3,2026-04-24,LABORAL,ordinario,13,25,131.08,1845,176,37.755199890136716,6.960643005371094
3,2026-04-24,LABORAL,ordinario,26,25,131.08,4032,170,37.48340057373047,8.365892028808593
3,2026-04-24,LABORAL,ordinario,52,25,131.08,8606,167,39.431060028076175,16.900825653076172
3,2026-04-24,LABORAL,ordinario,999,25,131.08,18228,299,41.41733978271484,24.10871307373047
3,2026-04-25,SABADO,ordinario,8,23,96.30434782608695,986,171,22.412888402524203,-1.451658000116763
3,2026-04-25,SABADO,ordinario,13,23,96.30434782608695,1845,156,26.619622769563094,-3.6299058665399966
3,2026-04-25,SABADO,ordinario,26,23,96.30434782608695,4033,114,24.3370595185653,-0.790131776229195
3,2026-04-25,SABADO,ordinario,52,23,96.30434782608695,8605,175,24.127468938412875,3.2957634303880776
3,2026-04-25,SABADO,ordinario,999,23,96.30434782608695,18255,157,23.127898174783457,6.890950410262398
3,2026-04-26,DOMINGO,ordinario,8,10,30.8,985,150,7.731208801269531,0.9906841278076172
3,2026-04-26,DOMINGO,ordinario,13,10,30.8,1846,147,8.164098739624023,0.8935535430908204
3,2026-04-26,DOMINGO,ordinario,26,10,30.8,4037,198,8.352722549438477,1.4073593139648437
3,2026-04-26,DOMINGO,ordinario,52,10,30.8,8603,135,6.46973876953125,1.6887474060058594
3,2026-04-26,DOMINGO,ordinario,999,10,30.8,18279,295,8.36451416015625,3.467486572265625
3,2026-04-27,LABORAL,ordinario,8,28,137.32142857142858,980,132,34.70843655722482,-0.248208863394601
3,2026-04-27,LABORAL,ordinario,13,28,137.32142857142858,1845,156,33.611055442265105,1.2095334870474679
3,2026-04-27,LABORAL,ordinario,26,28,137.32142857142858,4031,169,34.78442791530064,3.618642807006836
3,2026-04-27,LABORAL,ordinario,52,28,137.32142857142858,8598,180,39.11889321463449,11.660879952566964
3,2026-04-27,LABORAL,ordinario,999,28,137.32142857142858,18287,159,45.16432367052351,18.094076292855398
3,2026-04-28,LABORAL,ordinario,8,27,136.25925925925927,980,248,30.525309103506583,-0.38325232046621815
3,2026-04-28,LABORAL,ordinario,13,27,136.25925925925927,1844,137,30.659690150508172,6.073683703387225
3,2026-04-28,LABORAL,ordinario,26,27,136.25925925925927,4030,354,30.461857407181352,8.693215688069662
3,2026-04-28,LABORAL,ordinario,52,27,136.25925925925927,8597,195,32.997940911187065,17.680826540346498
3,2026-04-28,LABORAL,ordinario,999,27,136.25925925925927,18314,204,37.98006241409867,25.65056073224103
3,2026-04-29,LABORAL,ordinario,8,26,149.84615384615384,982,198,33.940958756666916,-9.8267942575308
3,2026-04-29,LABORAL,ordinario,13,26,149.84615384615384,1844,170,32.897665170522835,-10.35971421461839
3,2026-04-29,LABORAL,ordinario,26,26,149.84615384615384,4031,148,32.53363902752216,-9.637156413151668
3,2026-04-29,LABORAL,ordinario,52,26,149.84615384615384,8597,226,32.91765682513897,-2.5341964134803185
3,2026-04-29,LABORAL,ordinario,999,26,149.84615384615384,18342,254,34.57628558232234,4.265577609722431
3,2026-04-30,LABORAL,ordinario,8,27,146.40740740740742,982,159,34.02713055080838,-13.35610184846101
3,2026-04-30,LABORAL,ordinario,13,27,146.40740740740742,1844,225,31.001921618426287,-12.835983700222439
3,2026-04-30,LABORAL,ordinario,26,27,146.40740740740742,4032,175,31.76565890842014,-11.608931929976851
3,2026-04-30,LABORAL,ordinario,52,27,146.40740740740742,8597,205,28.861942715115017,-2.7228967172128185
3,2026-04-30,LABORAL,ordinario,999,27,146.40740740740742,18369,204,30.163857495343244,4.402399275037977
3,2026-05-01,FESTIVO,raro,8,18,33.44444444444444,983,150,15.175752215915256,10.123650656806099
3,2026-05-01,FESTIVO,raro,13,18,33.44444444444444,1844,119,18.074290699428982,12.488175180223253
3,2026-05-01,FESTIVO,raro,26,18,33.44444444444444,4032,200,13.465134938557943,2.363893508911133
3,2026-05-01,FESTIVO,raro,52,18,33.44444444444444,8613,154,14.403860516018337,3.069064882066515
3,2026-05-01,FESTIVO,raro,999,18,33.44444444444444,18396,157,11.620779991149902,-0.19075234731038412
3,2026-05-02,SABADO,ordinario,8,26,81.76923076923077,981,173,23.556175525371845,-1.5559733464167669
3,2026-05-02,SABADO,ordinario,13,26,81.76923076923077,1843,138,23.062894381009617,-1.2203304584209735
3,2026-05-02,SABADO,ordinario,26,26,81.76923076923077,4031,102,23.632012880765476,2.2925667395958533
3,2026-05-02,SABADO,ordinario,52,26,81.76923076923077,8611,100,22.59628178523137,1.7743653517503004
3,2026-05-02,SABADO,ordinario,999,26,81.76923076923077,18422,160,25.310503299419697,13.949092131394606
3,2026-05-03,DOMINGO,ordinario,8,8,28.5,981,106,6.329874038696289,2.474795341491699
3,2026-05-03,DOMINGO,ordinario,13,8,28.5,1843,158,6.220826625823975,0.21129322052001953
3,2026-05-03,DOMINGO,ordinario,26,8,28.5,4030,181,8.338677644729614,5.884466886520386
3,2026-05-03,DOMINGO,ordinario,52,8,28.5,8611,145,8.01528000831604,7.470092058181763
3,2026-05-03,DOMINGO,ordinario,999,8,28.5,18447,179,7.460314035415649,5.037107229232788
3,2026-05-04,LABORAL,ordinario,8,27,141.85185185185185,985,159,32.50091058236581,-4.502810584174262
3,2026-05-04,LABORAL,ordinario,13,27,141.85185185185185,1847,108,32.534983458342374,-1.1516137299714264
3,2026-05-04,LABORAL,ordinario,26,27,141.85185185185185,4019,131,31.75580060040509,-0.793212890625
3,2026-05-04,LABORAL,ordinario,52,27,141.85185185185185,8604,124,32.14757961697049,9.266090110496238
3,2026-05-04,LABORAL,ordinario,999,27,141.85185185185185,18458,155,37.474205299660014,19.11064374005353
3,2026-05-05,LABORAL,ordinario,8,27,140.77777777777777,985,157,41.18465225784867,-5.473554257993345
3,2026-05-05,LABORAL,ordinario,13,27,140.77777777777777,1845,124,38.80530731766312,-0.547027729175709
3,2026-05-05,LABORAL,ordinario,26,27,140.77777777777777,4025,197,40.35007815890842,4.331504821777344
3,2026-05-05,LABORAL,ordinario,52,27,140.77777777777777,8603,155,37.56161117553711,11.014532159875941
3,2026-05-05,LABORAL,ordinario,999,27,140.77777777777777,18485,153,41.18904283311632,15.602891710069445
3,2026-05-06,LABORAL,ordinario,8,23,124.21739130434783,985,125,34.40333573714547,16.70540602310844
3,2026-05-06,LABORAL,ordinario,13,23,124.21739130434783,1844,185,33.70961562446926,19.457567297894023
3,2026-05-06,LABORAL,ordinario,26,23,124.21739130434783,4025,146,33.166009985882305,18.55597686767578
3,2026-05-06,LABORAL,ordinario,52,23,124.21739130434783,8601,213,38.473633807638414,27.463895383088484
3,2026-05-06,LABORAL,ordinario,999,23,124.21739130434783,18512,186,41.18114836319633,33.62371361773947
3,2026-05-07,LABORAL,ordinario,8,26,142.46153846153845,987,182,33.56813166691707,0.21773646428034857
3,2026-05-07,LABORAL,ordinario,13,26,142.46153846153845,1844,151,33.01348510155311,0.2915677290696364
3,2026-05-07,LABORAL,ordinario,26,26,142.46153846153845,4025,232,33.05482233487643,-0.887940186720628
3,2026-05-07,LABORAL,ordinario,52,26,142.46153846153845,8600,214,32.62964894221379,6.602733025184045
3,2026-05-07,LABORAL,ordinario,999,26,142.46153846153845,18539,178,34.005298174344574,14.309041390052208
3,2026-05-08,LABORAL,ordinario,8,26,136.73076923076923,982,123,34.04755474970891,-3.8906480349027195
3,2026-05-08,LABORAL,ordinario,13,26,136.73076923076923,1841,100,36.20479935866136,0.2802528968224159
3,2026-05-08,LABORAL,ordinario,26,26,136.73076923076923,4022,188,33.878793276273285,-2.5910142751840444
3,2026-05-08,LABORAL,ordinario,52,26,136.73076923076923,8595,127,34.63163053072416,0.1828936063326322
3,2026-05-08,LABORAL,ordinario,999,26,136.73076923076923,18561,180,38.95777364877554,11.660715543306791
3,2026-05-09,SABADO,ordinario,8,25,91.72,980,93,20.78763900756836,0.3110835266113281
3,2026-05-09,SABADO,ordinario,13,25,91.72,1839,198,19.99418930053711,-2.678549957275391
3,2026-05-09,SABADO,ordinario,26,25,91.72,4019,156,18.20501266479492,-1.9990403747558594
3,2026-05-09,SABADO,ordinario,52,25,91.72,8591,150,19.54346206665039,2.2511216735839845
3,2026-05-09,SABADO,ordinario,999,25,91.72,18586,170,20.480086975097656,9.091246643066405
3,2026-05-10,DOMINGO,ordinario,8,9,36.0,979,89,13.146039115058052,-3.2839188045925565
3,2026-05-10,DOMINGO,ordinario,13,9,36.0,1836,152,12.062070634629992,-6.354065789116754
3,2026-05-10,DOMINGO,ordinario,26,9,36.0,4016,127,12.89582633972168,-4.903937657674153
3,2026-05-10,DOMINGO,ordinario,52,9,36.0,8588,148,12.894815444946289,-5.828087064954969
3,2026-05-10,DOMINGO,ordinario,999,9,36.0,18609,181,12.061353471544054,-3.9977200826009116
3,2026-05-11,LABORAL,ordinario,8,26,135.73076923076923,975,99,39.68506974440355,3.4503907423753004
3,2026-05-11,LABORAL,ordinario,13,26,135.73076923076923,1831,117,41.57502467815693,8.316526706402119
3,2026-05-11,LABORAL,ordinario,26,26,135.73076923076923,4009,167,42.176973636333756,10.075853054340069
3,2026-05-11,LABORAL,ordinario,52,26,135.73076923076923,8581,109,44.19423572833721,17.27188887962928
3,2026-05-11,LABORAL,ordinario,999,26,135.73076923076923,18619,211,45.07887796255258,25.70531287560096
3,2026-05-12,LABORAL,ordinario,8,27,145.25925925925927,975,77,43.08319176567925,-7.921798423484519
3,2026-05-12,LABORAL,ordinario,13,27,145.25925925925927,1832,95,40.19332800971137,-6.576963919180411
3,2026-05-12,LABORAL,ordinario,26,27,145.25925925925927,4011,117,38.97675606056496,-3.3469650833695024
3,2026-05-12,LABORAL,ordinario,52,27,145.25925925925927,8581,108,39.155623259367765,5.033750745985243
3,2026-05-12,LABORAL,ordinario,999,27,145.25925925925927,18647,247,39.965244151927806,11.725135803222656
3,2026-05-13,LABORAL,ordinario,8,26,138.6153846153846,975,88,42.84048212491549,-8.970784260676457
3,2026-05-13,LABORAL,ordinario,13,26,138.6153846153846,1831,116,41.32123829768254,-3.711899684025691
3,2026-05-13,LABORAL,ordinario,26,26,138.6153846153846,4010,121,42.32931239788349,-2.2812956296480618
3,2026-05-13,LABORAL,ordinario,52,26,138.6153846153846,8580,145,40.57105651268592,5.379210105309119
3,2026-05-13,LABORAL,ordinario,999,26,138.6153846153846,18674,289,43.338989844689,16.386873098520134
3,2026-05-14,LABORAL,ordinario,8,27,134.88888888888889,975,65,33.1382485848886,-2.17380212854456
3,2026-05-14,LABORAL,ordinario,13,27,134.88888888888889,1830,126,36.06753709581163,1.793853759765625
3,2026-05-14,LABORAL,ordinario,26,27,134.88888888888889,4008,127,34.01729894567419,4.532576949508102
3,2026-05-14,LABORAL,ordinario,52,27,134.88888888888889,8578,116,34.70949130588107,11.490344577365452
3,2026-05-14,LABORAL,ordinario,999,27,134.88888888888889,18700,219,36.77376612910518,19.32100507948134
3,2026-05-15,LABORAL,ordinario,8,27,140.11111111111111,976,74,34.338594648573135,-9.538776962845414
3,2026-05-15,LABORAL,ordinario,13,27,140.11111111111111,1829,137,34.00089009602865,-6.679946334273727
3,2026-05-15,LABORAL,ordinario,26,27,140.11111111111111,4009,102,31.929487299036097,-3.8441138090910734
3,2026-05-15,LABORAL,ordinario,52,27,140.11111111111111,8577,91,31.451539074933088,3.8011897051775896
3,2026-05-15,LABORAL,ordinario,999,27,140.11111111111111,18727,201,32.86467898333514,10.418094917579934
3,2026-05-16,SABADO,ordinario,8,26,92.8076923076923,968,77,29.381896239060623,-0.6882190704345703
3,2026-05-16,SABADO,ordinario,13,26,92.8076923076923,1820,70,28.95473524240347,-3.069242477416992
3,2026-05-16,SABADO,ordinario,26,26,92.8076923076923,4000,145,29.927787340604343,-1.2819306300236628
3,2026-05-16,SABADO,ordinario,52,26,92.8076923076923,8568,96,31.230850366445686,2.4241099724402795
3,2026-05-16,SABADO,ordinario,999,26,92.8076923076923,18745,152,31.22100360576923,8.190409733698917
3,2026-05-17,DOMINGO,ordinario,8,15,31.666666666666668,970,70,11.016721725463867,4.202040481567383
3,2026-05-17,DOMINGO,ordinario,13,15,31.666666666666668,1822,108,10.280244827270508,-1.7419595082600912
3,2026-05-17,DOMINGO,ordinario,26,15,31.666666666666668,4001,130,11.939253234863282,0.2419219970703125
3,2026-05-17,DOMINGO,ordinario,52,15,31.666666666666668,8567,106,11.70810432434082,1.3063531239827475
3,2026-05-17,DOMINGO,ordinario,999,15,31.666666666666668,18771,345,12.308182017008464,1.8395174662272136
3,2026-05-18,FESTIVO_PUENTE,raro,8,13,28.923076923076923,961,75,8.206036494328426,5.478044656606821
3,2026-05-18,FESTIVO_PUENTE,raro,13,13,28.923076923076923,1817,97,10.581572899451622,7.674264761117788
3,2026-05-18,FESTIVO_PUENTE,raro,26,13,28.923076923076923,3991,120,9.226134667029747,3.1964809711162863
3,2026-05-18,FESTIVO_PUENTE,raro,52,13,28.923076923076923,8559,108,8.129685768714317,1.3295274881216197
3,2026-05-18,FESTIVO_PUENTE,raro,999,13,28.923076923076923,18779,241,7.1413062169001655,0.5690869551438552
3,2026-05-19,LABORAL,ordinario,8,27,148.74074074074073,970,104,36.269990850377965,-13.267901526557075
3,2026-05-19,LABORAL,ordinario,13,27,148.74074074074073,1816,109,34.9430450156883,-10.97919421725803
3,2026-05-19,LABORAL,ordinario,26,27,148.74074074074073,3997,129,32.35174715960467,-6.244071536593967
3,2026-05-19,LABORAL,ordinario,52,27,148.74074074074073,8558,127,31.379131034568505,1.0146590338812933
3,2026-05-19,LABORAL,ordinario,999,27,148.74074074074073,18806,217,31.420907762315537,9.534755282931858
3,2026-05-20,LABORAL,ordinario,8,27,137.85185185185185,970,104,32.34237967597114,-2.6451375042950667
3,2026-05-20,LABORAL,ordinario,13,27,137.85185185185185,1817,77,31.717868946216726,-5.036590576171875
3,2026-05-20,LABORAL,ordinario,26,27,137.85185185185185,3998,117,30.475821742305047,-0.9491909168384693
3,2026-05-20,LABORAL,ordinario,52,27,137.85185185185185,8558,122,29.596956182409215,7.254255648012514
3,2026-05-20,LABORAL,ordinario,999,27,137.85185185185185,18833,817,33.22182817812319,14.708309456154153
3,2026-05-22,LABORAL,ordinario,8,26,125.73076923076923,968,110,27.772357500516453,3.524832945603591
3,2026-05-22,LABORAL,ordinario,13,26,125.73076923076923,1813,144,31.396915729229267,10.051387493426983
3,2026-05-22,LABORAL,ordinario,26,26,125.73076923076923,3994,117,29.823386852557842,5.601700709416316
3,2026-05-22,LABORAL,ordinario,52,26,125.73076923076923,8554,123,31.26522607069749,15.505133555485653
3,2026-05-22,LABORAL,ordinario,999,26,125.73076923076923,18882,207,36.15050946749174,23.1648069528433
3,2026-05-23,SABADO,ordinario,8,25,86.72,967,121,24.283563537597658,-3.8630337524414062
3,2026-05-23,SABADO,ordinario,13,25,86.72,1813,168,21.110405578613282,-4.772559814453125
3,2026-05-23,SABADO,ordinario,26,25,86.72,3993,121,19.788922119140626,4.002320556640625
3,2026-05-23,SABADO,ordinario,52,25,86.72,8553,139,23.451029205322264,7.472567291259765
3,2026-05-23,SABADO,ordinario,999,25,86.72,18908,212,20.342354431152344,8.43555877685547
3,2026-05-24,DOMINGO,ordinario,8,11,34.90909090909091,967,127,19.31395322626287,-1.4117239171808416
3,2026-05-24,DOMINGO,ordinario,13,11,34.90909090909091,1813,124,15.97763390974565,-4.255422938953746
3,2026-05-24,DOMINGO,ordinario,26,11,34.90909090909091,3994,152,14.791837518865412,-4.373645435680043
3,2026-05-24,DOMINGO,ordinario,52,11,34.90909090909091,8552,161,14.605738379738547,-3.160641236738725
3,2026-05-24,DOMINGO,ordinario,999,11,34.90909090909091,18933,323,15.421771309592508,-2.1147655140269888
3,2026-05-25,LABORAL,ordinario,8,28,139.32142857142858,962,82,45.216149602617534,-20.637109892708914
3,2026-05-25,LABORAL,ordinario,13,28,139.32142857142858,1808,108,41.167701380593435,-16.797054086412704
3,2026-05-25,LABORAL,ordinario,26,28,139.32142857142858,3989,126,41.18586294991629,-9.593358721051898
3,2026-05-25,LABORAL,ordinario,52,28,139.32142857142858,8542,162,42.71074117933001,0.9844435283115932
3,2026-05-25,LABORAL,ordinario,999,28,139.32142857142858,18942,206,45.50670950753348,10.709220886230469
3,2026-05-26,LABORAL,ordinario,8,27,145.66666666666666,962,140,33.86945809258355,-10.172417393437138
3,2026-05-26,LABORAL,ordinario,13,27,145.66666666666666,1807,173,34.0278065999349,-5.36318122016059
3,2026-05-26,LABORAL,ordinario,26,27,145.66666666666666,3989,153,31.778403811984592,-3.337029492413556
3,2026-05-26,LABORAL,ordinario,52,27,145.66666666666666,8540,140,32.90300072564019,6.240235787850839
3,2026-05-26,LABORAL,ordinario,999,27,145.66666666666666,18968,219,35.81428485446506,14.309660311098453
3,2026-05-27,LABORAL,ordinario,8,26,125.57692307692308,963,149,36.22981570317195,12.297407443706806
3,2026-05-27,LABORAL,ordinario,13,26,125.57692307692308,1806,294,36.406707910391,15.694413551917442
3,2026-05-27,LABORAL,ordinario,26,26,125.57692307692308,3991,163,34.72076768141527,13.520137493426983
3,2026-05-27,LABORAL,ordinario,52,26,125.57692307692308,8539,257,36.36451941270094,21.11739158630371
3,2026-05-27,LABORAL,ordinario,999,26,125.57692307692308,18995,326,42.38045971210186,30.276489844689003
3,2026-05-28,LABORAL,ordinario,8,27,133.1851851851852,964,112,33.44078176992911,-3.5267266167534723
3,2026-05-28,LABORAL,ordinario,13,27,133.1851851851852,1805,153,31.817127086498118,-0.34661950005425346
3,2026-05-28,LABORAL,ordinario,26,27,133.1851851851852,3990,133,29.325522952609592,0.2820303175184462
3,2026-05-28,LABORAL,ordinario,52,27,133.1851851851852,8539,188,28.99968987924081,-0.1951303835268374
3,2026-05-28,LABORAL,ordinario,999,27,133.1851851851852,19021,433,30.692714549877024,13.627136795609086
3,2026-05-29,LABORAL,ordinario,8,27,135.74074074074073,972,198,38.09174078482169,-11.871692657470703
3,2026-05-29,LABORAL,ordinario,13,27,135.74074074074073,1805,292,35.74664038198966,-5.202943731237341
3,2026-05-29,LABORAL,ordinario,26,27,135.74074074074073,3990,145,38.31836771081995,-5.790745911774812
3,2026-05-29,LABORAL,ordinario,52,27,135.74074074074073,8539,142,37.214750077989365,3.4266073438856335
3,2026-05-29,LABORAL,ordinario,999,27,135.74074074074073,19048,199,40.54980101408782,10.830491242585358
3,2026-05-30,SABADO,ordinario,8,23,90.52173913043478,988,187,35.83077505360479,7.124948916227921
3,2026-05-30,SABADO,ordinario,13,23,90.52173913043478,1806,385,32.3232421875,3.179425115170686
3,2026-05-30,SABADO,ordinario,26,23,90.52173913043478,3989,333,36.082915098770805,5.374231918998387
3,2026-05-30,SABADO,ordinario,52,23,90.52173913043478,8539,150,35.875710197117016,10.291356957477072
3,2026-05-30,SABADO,ordinario,999,23,90.52173913043478,19075,396,38.61067813375722,17.84193171625552
3,2026-05-31,DOMINGO,ordinario,8,9,33.55555555555556,991,209,15.225073920355904,3.795647939046224
3,2026-05-31,DOMINGO,ordinario,13,9,33.55555555555556,1807,239,6.967083401150173,-3.9608785841200085
3,2026-05-31,DOMINGO,ordinario,26,9,33.55555555555556,3990,205,7.58983400132921,-2.4740464952256946
3,2026-05-31,DOMINGO,ordinario,52,9,33.55555555555556,8540,178,8.727157168918186,-0.1668124728732639
3,2026-05-31,DOMINGO,ordinario,999,9,33.55555555555556,19101,227,9.848940107557508,1.0354016621907551
3,2026-06-01,LABORAL,ordinario,8,25,125.92,995,324,29.29510009765625,15.492503662109375
3,2026-06-01,LABORAL,ordinario,13,25,125.92,1809,309,29.429467010498048,17.490363006591796
3,2026-06-01,LABORAL,ordinario,26,25,125.92,3992,235,28.95803436279297,19.534313049316406
3,2026-06-01,LABORAL,ordinario,52,25,125.92,8534,202,36.93186950683594,28.089952392578127
3,2026-06-01,LABORAL,ordinario,999,25,125.92,19116,326,41.53752960205078,38.42835479736328
3,2026-06-02,LABORAL,ordinario,8,25,144.8,981,200,34.87941390991211,3.7393006896972656
3,2026-06-02,LABORAL,ordinario,13,25,144.8,1795,142,37.0534634399414,2.516288146972656
3,2026-06-02,LABORAL,ordinario,26,25,144.8,3979,211,35.600333557128906,4.649794006347657
3,2026-06-02,LABORAL,ordinario,52,25,144.8,8526,170,36.67198272705078,12.825826110839843
3,2026-06-02,LABORAL,ordinario,999,25,144.8,19129,297,41.57209259033203,20.480736389160157
3,2026-06-03,LABORAL,ordinario,8,26,131.73076923076923,982,85,27.454303154578575,-1.3487698481633112
3,2026-06-03,LABORAL,ordinario,13,26,131.73076923076923,1796,136,28.317328966580906,2.7758538172795224
3,2026-06-03,LABORAL,ordinario,26,26,131.73076923076923,3979,139,29.66073857820951,2.424992634699895
3,2026-06-03,LABORAL,ordinario,52,26,131.73076923076923,8524,111,28.81711372962365,12.560359954833984
3,2026-06-03,LABORAL,ordinario,999,26,131.73076923076923,19156,182,32.04721406789926,17.957524666419395
3,2026-06-04,LABORAL,ordinario,8,26,127.65384615384616,982,86,25.65731899554913,4.243639139028696
3,2026-06-04,LABORAL,ordinario,13,26,127.65384615384616,1796,185,26.540067232572117,10.651013300969051
3,2026-06-04,LABORAL,ordinario,26,26,127.65384615384616,3980,151,25.268827878511868,9.753985771766075
3,2026-06-04,LABORAL,ordinario,52,26,127.65384615384616,8523,103,27.801475671621468,17.313468786386345
3,2026-06-04,LABORAL,ordinario,999,26,127.65384615384616,19183,316,32.06260798527644,24.067115783691406
3,2026-06-05,LABORAL,ordinario,8,25,134.36,955,99,26.744107666015626,-0.66590576171875
3,2026-06-05,LABORAL,ordinario,13,25,134.36,1770,136,26.393314819335938,5.054215087890625
3,2026-06-05,LABORAL,ordinario,26,25,134.36,3953,221,26.035086517333983,4.326824188232422
3,2026-06-05,LABORAL,ordinario,52,25,134.36,8496,136,27.181910400390624,14.047543334960938
3,2026-06-05,LABORAL,ordinario,999,25,134.36,19183,316,33.51640197753906,23.13664001464844
3,2026-06-06,SABADO,ordinario,8,24,93.04166666666667,954,174,18.042429129282635,3.0150818824768066
3,2026-06-06,SABADO,ordinario,13,24,93.04166666666667,1768,124,17.223628520965576,1.1974603335062664
3,2026-06-06,SABADO,ordinario,26,24,93.04166666666667,3951,259,18.537818431854248,0.5677262941996256
3,2026-06-06,SABADO,ordinario,52,24,93.04166666666667,8496,135,18.021801789601643,4.6173122723897295
3,2026-06-06,SABADO,ordinario,999,24,93.04166666666667,19209,355,18.71286718050639,8.811428944269815
3,2026-06-07,DOMINGO,ordinario,8,18,28.0,955,107,13.443861219618055,10.199242697821724
3,2026-06-07,DOMINGO,ordinario,13,18,28.0,1768,193,10.439083841111925,5.781990581088596
3,2026-06-07,DOMINGO,ordinario,26,18,28.0,3950,206,9.550445980495876,3.747057808770074
3,2026-06-07,DOMINGO,ordinario,52,18,28.0,8496,105,9.592670016818577,3.853612263997396
3,2026-06-07,DOMINGO,ordinario,999,18,28.0,19234,199,10.096009996202257,4.988069958157009
3,2026-06-08,FESTIVO_PUENTE,raro,8,9,27.444444444444443,958,169,18.455232196384006,13.896059883965385
3,2026-06-08,FESTIVO_PUENTE,raro,13,9,27.444444444444443,1772,348,9.358032438490126,3.8495599958631725
3,2026-06-08,FESTIVO_PUENTE,raro,26,9,27.444444444444443,3943,221,11.379883448282877,7.208164427015516
3,2026-06-08,FESTIVO_PUENTE,raro,52,9,27.444444444444443,8491,94,9.914288626776802,5.355497360229492
3,2026-06-08,FESTIVO_PUENTE,raro,999,9,27.444444444444443,19245,189,11.637815899319119,5.916001849704319
3,2026-06-09,LABORAL,ordinario,8,26,141.84615384615384,959,117,27.45554674588717,1.9026216360238881
3,2026-06-09,LABORAL,ordinario,13,26,141.84615384615384,1773,104,28.76049437889686,-1.968587875366211
3,2026-06-09,LABORAL,ordinario,26,26,141.84615384615384,3960,131,29.726591256948616,3.8133456890399637
3,2026-06-09,LABORAL,ordinario,52,26,141.84615384615384,8492,136,29.88655765240009,9.172162862924429
3,2026-06-09,LABORAL,ordinario,999,26,141.84615384615384,19273,339,34.047220963698166,20.26918704693134
3,2026-06-10,LABORAL,ordinario,8,22,122.31818181818181,958,180,38.3200099251487,18.437577507712625
3,2026-06-10,LABORAL,ordinario,13,22,122.31818181818181,1773,121,37.83086013793945,21.613175478848543
3,2026-06-10,LABORAL,ordinario,26,22,122.31818181818181,3961,125,40.20151190324263,23.105093695900656
3,2026-06-10,LABORAL,ordinario,52,22,122.31818181818181,8493,128,42.40868377685547,29.633587230335582
3,2026-06-10,LABORAL,ordinario,999,22,122.31818181818181,19300,146,46.24416836825284,33.99785405939276
