route,dia_op,tipo_dia,n,demanda_media,mae_lstm,sesgo_lstm,rango_pred_lstm,rango_real,mae_media,sesgo_media,celdas_sin_media,epocas,ejemplos_ajuste,segundos
1,2026-04-02,FESTIVO,15,28.666666666666668,26.704265775133724,24.01028481892995,29.55168156670274,54.0,47.48982778415614,40.02316111748948,8,367,165,2.8936968999914825
1,2026-04-03,FESTIVO,8,21.0,22.366441282028156,19.592907221798825,41.859643032598946,19.0,6.4375,2.9375,0,506,165,3.4868659999920055
1,2026-04-04,SABADO,22,56.36363636363637,32.304837753545776,23.443234934392226,75.63330439051111,107.0,38.16031312231905,27.64633240606561,0,378,165,2.628858600044623
1,2026-04-05,DOMINGO,11,24.727272727272727,11.2431811515283,9.304272445229856,36.44747366729414,12.0,11.719003174518416,11.719003174518416,0,391,165,2.458358900039457
1,2026-04-06,LABORAL,28,121.78571428571429,28.097592507411896,-9.41615498324335,164.60940166428077,197.0,27.230476741188358,-2.105460091171709,0,101,165,0.751750799943693
1,2026-04-07,LABORAL,26,139.73076923076923,29.58355810022317,-17.72320738824321,111.78519734854022,129.0,25.56850589589872,-13.393689046081867,0,191,165,1.1705655999248847
1,2026-04-08,LABORAL,26,126.11538461538461,30.69225847213822,6.889695515230446,106.21961761516758,178.0,26.932030166576528,0.17501768753015,0,101,165,0.6567686999915168
1,2026-04-09,LABORAL,27,115.51851851851852,29.04624585299961,5.953802692199904,135.47427672375767,173.0,28.24555072157266,7.328588852650002,0,112,165,0.8455142000457272
1,2026-04-10,LABORAL,26,128.07692307692307,30.177225555572956,-20.238903834753764,100.30892641314753,155.0,26.19891770326715,-2.094688109331675,0,104,165,0.8066984999459237
1,2026-04-11,SABADO,24,77.25,33.08807613551226,16.776125460967975,72.19570701509076,146.0,22.651496545502553,4.346123542901289,0,100,165,0.7819185999687761
1,2026-04-12,DOMINGO,8,30.375,8.654610846517812,7.539893437860244,25.886437544725595,15.0,5.833735617452721,5.577422486139591,0,96,165,0.6951481000287458
1,2026-04-13,LABORAL,27,118.03703703703704,26.40266748593101,-4.324363403173889,157.40984534025765,189.0,27.64199674580827,4.533110865370377,0,99,165,0.7371600000187755
1,2026-04-14,LABORAL,26,122.0,27.68783360087474,6.010725405237235,104.00050585011269,140.0,28.693860676948916,3.8504510562665653,0,114,165,0.8606153000146151
1,2026-04-15,LABORAL,26,108.5,29.54182255919486,18.649266314701837,111.59522869875792,178.0,28.996586570918126,17.239816068693074,0,112,165,0.8226366000017151
1,2026-04-16,LABORAL,25,115.88,33.52925403264475,-0.40160125712862454,83.13665216889272,173.0,36.044323471537375,11.831568650600735,0,112,165,0.9760408999864012
1,2026-04-17,LABORAL,25,124.72,31.42907805164161,-15.606179813064305,80.41605083855694,136.0,28.156076579392085,0.5399333287033824,0,111,165,0.7841779999434948
1,2026-04-18,SABADO,26,71.38461538461539,18.929013247489586,8.598860601800153,70.13679355835359,80.0,13.875878783980793,8.651669882514364,0,131,165,0.9830994000658393
1,2026-04-19,DOMINGO,13,30.615384615384617,10.54063152246915,-0.09931206715554179,15.918776464155556,46.0,12.567757995059786,5.5179411452429346,0,218,165,1.4719607000006363
1,2026-04-20,LABORAL,26,121.15384615384616,30.214099391247693,4.943876182587482,102.95573082596108,205.0,28.520249291706513,4.140960710412582,0,245,165,1.8923226000042632
1,2026-04-21,LABORAL,27,117.22222222222223,40.76002542240905,-0.5317442847911011,147.63695100480402,195.0,41.44278557152889,4.699878442347248,0,201,165,1.483765999902971
1,2026-04-22,LABORAL,24,117.45833333333333,29.479755875620594,2.3082188927856095,103.98093921667497,160.0,29.294742883379246,5.530641643709825,0,315,165,1.726638299995102
1,2026-04-23,LABORAL,23,99.08695652173913,38.025150102987915,15.793874000277949,114.17363932127907,121.0,31.216694123522355,25.521371330373476,0,245,165,1.1538981000194326
1,2026-04-24,LABORAL,25,120.68,39.209455006039576,-36.8190063015671,68.35497876346452,126.0,22.311042292249578,6.227352082281294,0,201,165,0.8887534000677988
1,2026-04-25,SABADO,26,73.23076923076923,28.433522815799236,10.33913116288781,73.18018817119352,106.0,24.912680516250756,7.35561937226653,0,132,165,0.6259531999239698
1,2026-04-26,DOMINGO,9,28.0,9.823369557483751,2.6699886660929417,9.550459687356238,43.0,12.957705087289598,8.41664228535723,0,132,165,0.6478596999077126
1,2026-04-27,LABORAL,27,111.0,30.07715644556029,8.017023536099408,151.96109812053365,186.0,29.09462260298363,10.033348243224426,0,232,165,1.0336384999100119
1,2026-04-28,LABORAL,26,125.84615384615384,28.31008624597287,-0.9249591633544801,106.79095414043246,174.0,29.443086219046968,-2.5683057855767006,0,132,165,0.5307842999463901
1,2026-04-29,LABORAL,26,118.76923076923077,22.44758312994293,8.114704135511179,116.87796874235545,163.0,20.040834067155103,5.7809425519477164,0,133,165,0.6006920000072569
1,2026-04-30,LABORAL,25,129.48,44.80297623247758,-7.532031284240588,89.22553743029005,188.0,40.216450871618825,-4.291239364071413,0,349,165,1.4570788000710309
1,2026-05-01,FESTIVO,17,36.705882352941174,15.176191974900345,-3.337516938454204,52.27756030600031,58.0,21.696558567456833,-5.577951236464735,1,392,165,1.647033300017938
1,2026-05-02,SABADO,26,73.07692307692308,27.481432617782048,-9.143846706780662,72.66454628238326,135.0,22.01768590662404,7.446177030884386,0,123,165,0.609705499955453
1,2026-05-05,LABORAL,25,133.96,32.8495287493327,-5.04856484990347,96.6996989976267,193.0,32.78309342147156,-8.349945122871794,0,276,165,1.166618200019002
1,2026-05-06,LABORAL,25,107.6,40.11919207096332,19.588817702403727,112.47476228335154,168.0,34.51657263309987,14.778582251627206,0,235,165,0.981194099993445
1,2026-05-07,LABORAL,27,114.14814814814815,21.838002758173754,-5.399053714965444,125.76187296511873,196.0,22.899129333196658,6.580017395466332,0,130,165,0.6043350000400096
1,2026-05-08,LABORAL,26,116.5,34.577610294627,1.5964049866610457,99.29265743382467,204.0,33.58155325247345,7.361702119756365,0,255,165,1.0870392000069842
1,2026-05-09,SABADO,25,75.8,30.813588632544178,1.9337049140211737,47.2738691249713,130.0,27.128588342092694,4.526008313425705,0,141,165,0.5534100000513718
1,2026-05-10,DOMINGO,10,37.2,11.608862433945742,-7.873458413858233,8.100442817871809,39.0,12.008475734791524,-1.5532580113385066,0,303,165,1.4466830000746995
1,2026-05-11,LABORAL,26,105.57692307692308,38.02620407017081,30.85838241132834,119.27242301920512,182.0,30.23442972742926,18.09557184673779,0,281,165,1.4902759999968112
1,2026-05-12,LABORAL,26,116.46153846153847,23.559890580056408,2.1989962002580006,101.76004676751987,148.0,24.49751352683692,6.979246944933975,0,142,165,1.213367799995467
1,2026-05-13,LABORAL,26,116.11538461538461,32.48027605639674,3.14356372079944,115.41313095547821,174.0,34.118081173713136,7.166538007069823,0,167,165,1.1332819000817835
1,2026-05-14,LABORAL,27,110.18518518518519,19.529688692446662,6.518881968816652,129.83388470776816,196.0,21.41270492710944,9.792013160963128,0,140,165,1.1592695999424905
1,2026-05-15,LABORAL,26,121.03846153846153,29.042923650136856,-15.400288772911827,79.72166081473833,163.0,26.79269846601148,2.0203865742692426,0,141,165,1.0096345000201836
1,2026-05-16,SABADO,25,80.2,32.22549235833159,7.166267755025417,45.17788926947161,146.0,26.256848829431434,-0.4786588628762544,0,144,165,1.0065312000224367
1,2026-05-17,DOMINGO,8,31.25,10.017083822172461,-0.22481083329804186,8.859054176688602,43.0,11.54289483736078,4.333803928269873,0,163,165,1.18108949996531
1,2026-05-18,FESTIVO_PUENTE,13,28.615384615384617,67.51675014912053,67.51675014912053,29.897088960689146,42.0,12.506410256410255,-2.8782051282051286,0,169,164,1.3447190000442788
1,2026-05-19,LABORAL,26,127.07692307692308,32.399354877803766,-18.68836987903328,124.10732604291046,180.0,26.675089183212542,-4.098674664348097,0,91,163,0.630499399965629
1,2026-05-20,LABORAL,26,117.03846153846153,38.31340583026515,9.050979419539035,121.40275796874663,223.0,35.42537484885555,5.763531909662837,0,171,163,1.1716097999596968
1,2026-05-23,SABADO,23,79.95652173913044,31.1473262153306,7.922168460653325,67.12832068343249,124.0,25.205570999666406,1.120807779269917,0,90,163,0.7611585999839008
1,2026-05-24,DOMINGO,12,27.583333333333332,18.745121305519508,16.633323353186892,35.44632133705144,34.0,11.441985994956196,9.178097106067307,0,90,163,0.510521600022912
1,2026-05-25,LABORAL,27,114.37037037037037,28.156299321927644,8.367747155066969,151.24505161676962,181.0,27.916699276368917,4.855706154264679,0,214,163,1.4035556999733672
1,2026-05-26,LABORAL,26,121.76923076923077,34.37290967786511,-0.8382108954697151,149.61113494703028,164.0,28.787028279642747,0.5455297731641775,0,320,163,2.316158900037408
1,2026-05-27,LABORAL,25,116.16,36.30642872550112,7.656799908158128,80.82804088640616,188.0,32.27381810833456,5.645191453943198,0,162,163,1.2060404000803828
1,2026-05-28,LABORAL,26,112.3076923076923,33.62539756497668,-13.721685776734715,72.88090070179294,162.0,29.855196697513023,9.856578267090002,0,396,163,2.8032328999834135
1,2026-05-29,LABORAL,26,114.88461538461539,25.034098738435283,-8.438691769304743,89.03233191371648,126.0,23.125947078077225,7.077126780727515,0,187,163,1.3725639999611303
1,2026-05-30,SABADO,23,73.34782608695652,25.079859197197603,13.399103603217966,58.82629855145435,120.0,23.73085720517668,8.486940284038583,0,407,163,2.9012430000584573
1,2026-05-31,DOMINGO,9,43.111111111111114,20.92903469449852,-12.56051148942651,13.266904126163354,62.0,19.294281858587844,-5.760331241303892,0,149,163,1.084110499941744
1,2026-06-01,LABORAL,25,114.4,30.165475570848713,10.673804701118634,94.26703509783627,143.0,31.283288637141077,9.46986006571251,0,142,163,1.29662520007696
1,2026-06-02,LABORAL,26,118.26923076923077,28.77366901345958,2.6534748847266156,115.29727384537904,162.0,30.772365445800922,3.2590288986657745,0,134,163,0.7982691000215709
1,2026-06-03,LABORAL,25,113.84,26.013163005206636,8.215679031097233,77.58524863842584,150.0,24.38010028887696,9.581154613083825,0,142,163,0.6064940999494866
1,2026-06-04,LABORAL,26,103.57692307692308,25.132381745069324,10.298509324705465,94.34006150648591,142.0,27.794154501524698,17.53869839403239,0,153,163,0.5578043999848887
1,2026-06-05,LABORAL,26,114.57692307692308,28.968055672175613,-16.802949247423733,69.63329347518406,249.0,27.006827176652315,6.2104250825682685,0,121,162,0.43412490002810955
1,2026-06-06,SABADO,21,84.80952380952381,24.992147334227845,-0.32849065189495874,32.837870791835115,119.0,25.056898656898657,-4.450586080586079,0,121,161,0.433268400025554
1,2026-06-07,DOMINGO,17,29.647058823529413,17.55305973570106,11.508640958414999,47.321686639251766,52.0,10.355925852048458,4.899712588711089,0,120,161,0.42598310008179396
1,2026-06-08,FESTIVO_PUENTE,8,24.625,78.23467672288717,78.23467672288717,28.669833680160096,38.0,15.59375,7.218749999999999,0,117,161,0.4321274000685662
1,2026-06-09,LABORAL,25,114.64,23.21548556732487,4.133201054864199,86.04600799724946,137.0,26.318823674276317,8.083542772171887,0,118,161,0.44163129990920424
1,2026-06-10,LABORAL,24,91.83333333333333,40.406979456458345,31.423614330080227,65.10545235492849,130.0,42.339035197774606,31.52473781215369,0,120,161,0.42470550001598895
3,2026-04-02,FESTIVO,19,31.0,17.57082554836704,4.095900074468101,119.07121330375185,51.0,61.93377202925699,47.354824660835945,10,428,161,1.4955343999899924
3,2026-04-03,FESTIVO,11,21.818181818181817,28.895824670601158,28.754556423358313,104.18491739508394,34.0,10.515151515151514,8.212121212121211,0,400,161,1.4114201999036595
3,2026-04-04,SABADO,23,60.17391304347826,38.66082020510451,32.40062655742433,162.28183375933838,82.0,43.75151783943844,41.6991694317025,0,355,161,1.2782563000218943
3,2026-04-05,DOMINGO,11,27.181818181818183,13.77351940866373,13.77351940866373,37.74380347609919,21.0,8.666173255865067,7.643445983137794,0,148,161,0.5661178999580443
3,2026-04-06,LABORAL,27,146.85185185185185,30.592536120862583,-0.852679440636726,243.5967445396911,287.0,29.864274893669283,-1.4899831577425386,0,158,161,0.6137886000797153
3,2026-04-07,LABORAL,26,163.5,38.428345856458115,-19.779242025102366,230.93786001813032,316.0,37.359920678252486,-14.080041790005563,0,325,161,1.1087136999703944
3,2026-04-08,LABORAL,27,146.40740740740742,35.281962485737,3.959174392531756,269.26852395165315,295.0,33.22068594798877,-0.5851297915214348,0,142,161,0.6857995000900701
3,2026-04-09,LABORAL,27,139.2962962962963,36.06846876192993,3.229063892398373,247.27177345473586,310.0,35.43687471352355,6.502997919190216,0,174,161,0.6275183000834659
3,2026-04-10,LABORAL,27,143.03703703703704,37.45932566568675,-13.845469587740745,209.1329104869998,379.0,35.605342317211246,2.614109089560961,0,144,161,0.5112303999485448
3,2026-04-11,SABADO,24,98.04166666666667,28.211591141158674,3.0769748816897216,164.9016824553589,214.0,26.61532603806059,-0.013947466212912355,0,142,161,0.5163691999623552
3,2026-04-12,DOMINGO,8,28.375,10.000236258713798,4.742302932427137,19.355693783118085,17.0,7.602773268398268,7.602773268398268,0,147,161,0.5345830000005662
3,2026-04-13,LABORAL,27,131.07407407407408,37.55408482032319,3.5980671743419257,183.86653172829176,269.0,38.514439448942824,14.481444805286314,0,136,161,0.5020530999172479
3,2026-04-14,LABORAL,28,140.07142857142858,31.000858468330872,0.20236076850322046,253.31307042547564,352.0,31.218860049732232,1.3937835071423212,0,147,161,0.5247813999885693
3,2026-04-15,LABORAL,27,134.66666666666666,30.811699187405996,15.693397097528536,267.8039738842174,293.0,30.02139591305806,10.59211613163924,0,140,161,0.4988667001016438
3,2026-04-16,LABORAL,27,130.37037037037038,28.29109129664874,13.363152575542628,245.2071139686069,284.0,28.383345832805908,14.66075531511735,0,144,161,0.532540800049901
3,2026-04-17,LABORAL,26,145.0,30.213010144078552,-14.18823001218818,205.69155815883823,240.0,28.29939639198063,0.5535243963863002,0,140,161,0.48984199995175004
3,2026-04-18,SABADO,25,83.96,22.20910416282166,13.136119747293737,161.97616715659962,196.0,22.346416000170688,12.641421128375818,0,148,161,0.5127589999465272
3,2026-04-19,DOMINGO,11,31.636363636363637,13.4234268028275,3.234356721324089,18.916030237899463,29.0,8.170267911415165,1.9495468166531502,0,148,161,0.5342120999703184
3,2026-04-20,LABORAL,27,135.85185185185185,34.24496216367325,6.692400533270607,233.79344730641657,251.0,32.551231795366256,8.90459006152512,0,150,161,0.5122730999719352
3,2026-04-21,LABORAL,27,147.92592592592592,33.05505456497988,-9.709879915747297,246.92914350406406,330.0,31.844276316756496,-4.881518353105973,0,181,161,0.6855447000125423
3,2026-04-22,LABORAL,27,130.1851851851852,38.615948331098025,13.879294039735937,265.41133605492126,483.0,37.895158274650676,14.197045426610341,0,193,161,0.6941601999569684
3,2026-04-23,LABORAL,22,130.1818181818182,33.18845392839021,16.45184334494116,221.77222000743694,256.0,30.291478060027842,19.914521432147534,0,160,161,0.5884594999952242
3,2026-04-24,LABORAL,25,131.08,47.76245267585735,-28.492996844419626,140.09405895103856,290.0,39.99218988152529,17.4270488799244,0,185,161,0.6567026999546215
3,2026-04-25,SABADO,23,96.30434782608695,26.31540326738769,-1.0888714576785505,147.60573619793692,181.0,20.59227398310574,2.878811717582983,0,176,161,0.6330926999216899
3,2026-04-26,DOMINGO,10,30.8,8.348786170789285,1.0755318020901499,13.650864604685381,25.0,7.6988853163483,4.137120610465947,0,185,161,0.7100469999713823
3,2026-04-27,LABORAL,28,137.32142857142858,34.21095614543272,-0.952936448776501,226.2180848686327,371.0,33.73994331908481,2.582828956051034,0,137,161,0.5127547000302002
3,2026-04-28,LABORAL,27,136.25925925925927,29.362927011815938,10.239992808325313,268.6615868988566,324.0,30.053047414546,7.538555820617969,0,140,161,0.5101292000617832
3,2026-04-29,LABORAL,26,149.84615384615384,35.09767576591761,0.0038623161158508443,256.0724805239927,383.0,33.5521540180543,-2.662498787294245,0,149,161,0.5236903999466449
3,2026-04-30,LABORAL,27,146.40740740740742,33.64639874695766,-3.3996786337433043,248.9202909808671,322.0,32.321454458887864,-2.862374998263547,0,189,161,0.6724804000696167
3,2026-05-01,FESTIVO,18,33.44444444444444,74.67217739377458,74.67217739377458,176.4562166384906,54.0,17.083333333333332,-8.935185185185185,0,201,161,0.7234376999549568
3,2026-05-02,SABADO,26,81.76923076923077,30.847941383894838,-18.50543783595607,88.05101166082666,172.0,26.164813755744927,11.685774845936786,0,149,161,0.5412318999879062
3,2026-05-03,DOMINGO,8,28.5,14.616962406826989,12.283052190903206,31.72850668061203,24.0,8.041991851565188,5.963866851565188,0,402,161,1.414028900093399
3,2026-05-04,LABORAL,27,141.85185185185185,31.795125399893536,0.7563347174921738,237.4112280587072,276.0,28.60189475558244,1.6162347361532443,0,149,161,0.5358631999697536
3,2026-05-05,LABORAL,27,140.77777777777777,40.601484907377824,1.5608146743400242,261.32953745697506,255.0,37.81204652322209,2.67908763552086,0,155,161,0.5861185999820009
3,2026-05-06,LABORAL,23,124.21739130434783,41.93242805608254,31.102371752351033,251.35419455621988,239.0,36.72034492383948,24.365341154455336,0,152,161,0.5233101999619976
3,2026-05-07,LABORAL,26,142.46153846153845,41.74909916108494,-28.80421315014381,164.4769934912573,252.0,31.09111304061182,3.8924437737298825,0,179,161,0.6665144000435248
3,2026-05-08,LABORAL,26,136.73076923076923,28.931307466099472,-9.867274431718748,202.1165091906043,297.0,31.328928567868154,9.492588892175036,0,146,161,0.5381655999226496
3,2026-05-09,SABADO,25,91.72,20.576111663199796,2.3570171238780944,148.31891080686097,184.0,17.97854540547172,0.6068018157281321,0,167,161,0.6256036000559106
3,2026-05-10,DOMINGO,9,36.0,10.610020562919747,-1.5794851105390724,14.285528242333157,49.0,11.680584035847193,-2.900132461277972,0,151,161,0.6050215000286698
3,2026-05-11,LABORAL,26,135.73076923076923,39.388145201336584,1.7677916745308573,201.35210360571273,275.0,44.327964367445695,10.20938602423809,0,136,161,0.6936291999882087
3,2026-05-12,LABORAL,27,145.25925925925927,38.421761824161145,-7.159465088014095,248.6381916662136,326.0,35.775514201995534,-3.023807105383424,0,538,161,1.8960389000130817
3,2026-05-13,LABORAL,26,138.6153846153846,40.46653436063457,12.175080846836787,244.53685268759196,300.0,40.577242282580315,7.046052327951525,0,132,161,0.4712125000078231
3,2026-05-14,LABORAL,27,134.88888888888889,32.77741208339608,5.554113474657538,247.87083969682269,284.0,30.822459241739633,7.181086337695171,0,141,161,0.5297738000517711
3,2026-05-15,LABORAL,27,140.11111111111111,33.81503781845539,-12.26289853465702,201.78924820557037,252.0,28.436889125671502,1.946495284831046,0,159,161,0.57141460001003
3,2026-05-16,SABADO,26,92.8076923076923,28.515102363808083,-1.5895696806778392,144.43503566494215,213.0,26.845178910158666,-1.4401465336283148,0,138,161,0.48253199993632734
3,2026-05-17,DOMINGO,15,31.666666666666668,13.506840066468085,1.3977483662477226,14.441933604262786,52.0,12.333834442704413,2.099509250639281,0,150,161,0.5768481000559404
3,2026-05-18,FESTIVO_PUENTE,13,28.923076923076923,102.29132118831723,100.64917595116805,168.4131553707437,34.0,8.038461538461538,-0.7051282051282055,0,145,161,0.6207026999909431
3,2026-05-19,LABORAL,27,148.74074074074073,34.91699835846378,-14.757305286793288,225.32843809432842,268.0,31.597322496292115,-6.779533372970375,0,298,161,1.2171817000489682
3,2026-05-20,LABORAL,27,137.85185185185185,30.780578207322108,7.433902808109129,258.8322046384834,273.0,29.375895700938255,3.933993413199733,0,138,161,0.6483227999415249
3,2026-05-23,SABADO,25,86.72,24.666517769453773,1.8095564624714575,159.4459156177065,222.0,22.525577176446735,6.544346407215969,0,366,161,1.6291100000962615
3,2026-05-24,DOMINGO,11,34.90909090909091,14.314709430653425,-3.681155164168889,14.419149701958858,69.0,16.272005716162063,-1.4416115489257906,0,258,161,0.8852244999725372
3,2026-05-25,LABORAL,28,139.32142857142858,40.72938031082127,0.11100761223425591,246.2423655203995,277.0,39.319018778553996,-1.9521775913155672,0,269,161,0.9492781999288127
3,2026-05-26,LABORAL,27,145.66666666666666,26.93989114700235,-5.140510367834463,252.991541446164,315.0,28.307499176800658,-4.515887947057081,0,341,161,1.181779499980621
3,2026-05-27,LABORAL,26,125.57692307692308,35.0482162581926,17.179045583138528,235.7435572933988,219.0,35.25181065924757,18.934833568541663,0,265,161,0.9343448999570683
3,2026-05-28,LABORAL,27,133.1851851851852,36.123772089920095,1.1267864163822947,226.83176128322208,293.0,31.21448827271493,7.592655646926552,0,422,161,1.5621705000521615
3,2026-05-29,LABORAL,27,135.74074074074073,35.415781965706,-3.008436377753087,228.2585728202797,298.0,35.586571493600886,4.860727698399075,0,402,161,1.4265592999290675
3,2026-05-30,SABADO,23,90.52173913043478,33.833664186455806,8.266732465188918,155.36167200877298,192.0,32.820841848762456,7.279972283545063,0,223,161,0.8056725999340415
3,2026-05-31,DOMINGO,9,33.55555555555556,7.4874362122704134,-3.543811247856423,10.606002723754429,38.0,9.122301887616645,0.7314350145516298,0,218,161,0.7509744999697432
3,2026-06-01,LABORAL,25,125.92,39.928506175854224,23.12261785780756,226.08461538415594,194.0,32.79793660032911,19.4127620044586,0,233,161,0.8337879000464454
3,2026-06-02,LABORAL,25,144.8,42.34690916603413,1.3396041604503932,229.27487668596044,221.0,34.87291056861834,2.4795016823135914,0,151,161,0.5240068999119103
3,2026-06-03,LABORAL,26,131.73076923076923,43.796181692885725,18.827453944762972,248.53090097027388,282.0,26.32968887951271,11.560211184967715,0,131,161,0.48341540002729744
3,2026-06-04,LABORAL,26,127.65384615384616,44.15107034907006,15.299925427591429,233.6074082440968,235.0,24.67468417554796,15.422417014881002,0,147,161,0.5265701999887824
3,2026-06-05,LABORAL,25,134.36,45.08785847342779,-36.77484224107361,128.27791353339495,288.0,23.30469698676275,12.383921322513029,0,143,160,0.5336077000247315
3,2026-06-06,SABADO,24,93.04166666666667,25.639764379808923,-7.007988863013089,127.87988929451895,183.0,19.645440589000373,1.3662205035302861,0,139,159,0.5289031999418512
3,2026-06-07,DOMINGO,18,28.0,10.129059822379276,4.715188476847641,25.162064326120444,40.0,9.56179544932383,5.383872428263553,0,148,159,0.5198557999683544
3,2026-06-08,FESTIVO_PUENTE,9,27.444444444444443,98.4964024681187,98.4964024681187,136.5881216889714,27.0,20.7164814382038,9.697962919685285,1,170,159,0.6301933000795543
3,2026-06-09,LABORAL,26,141.84615384615384,41.611617104687255,-4.656787271480028,221.98228455359254,298.0,29.817167198777188,0.862975878515363,0,400,159,1.3886991000035778
3,2026-06-10,LABORAL,22,122.31818181818181,38.7810652312724,32.96313309332633,250.43868256299476,273.0,39.123371279490414,27.65584034747793,0,150,159,0.5391093000071123
