route,dia_op,tipo_dia,n,relleno_objetivo_ajuste_pct,relleno_objetivo_stop_pct,mae_original,mae_enmascarada,delta_mae,sesgo_original,sesgo_enmascarada,epoca_mejor_original,epoca_mejor_enmascarada,epocas_original,epocas_enmascarada,segundos_original,segundos_enmascarada,mae_stop_observado_original,mae_stop_relleno_original,aporte_relleno_loss_original
1,2026-04-02,FESTIVO,15,12.546312,16.483515,15.08155771891276,13.563035074869791,1.518522644042969,-8.146498107910157,-8.263245646158854,353,318,383,348,2.967323699966073,2.0476536999922246,0.5005130767822266,0.12007912993431091,0.045210304087615075
1,2026-04-03,FESTIVO,8,12.5669,19.780218,9.260791778564453,7.943138122558594,1.3176536560058594,7.621131896972656,4.508586883544922,417,312,447,342,2.5707891000201926,2.029612599988468,0.48692864179611206,0.11940392106771469,0.05701729862994956
1,2026-04-04,SABADO,22,12.556606,24.450546,23.108914982188832,32.132421320134945,-9.023506337946113,-0.42921777205033734,10.6445048939098,357,60,387,90,1.9688484000507742,0.37713080004323274,0.4865701496601105,0.15418322384357452,0.09301424471058801
1,2026-04-05,DOMINGO,11,12.474269,22.802198,7.907010165127841,17.11678626320579,-9.209776098077949,7.907010165127841,17.052478790283203,344,60,374,90,1.560251499991864,0.3474195000017062,0.5017911195755005,0.20455798506736755,0.10747017622280577
1,2026-04-06,LABORAL,28,12.5874815,24.450546,26.933670043945312,27.0466183253697,-0.11294828142438718,2.0914764404296875,-1.1595001220703125,291,285,321,315,1.2949968000175431,1.2617794999387115,0.4954863488674164,0.2304595410823822,0.13083462363841505
1,2026-04-07,LABORAL,26,12.690407,23.901098,26.254449697641228,27.73734899667593,-1.4828992990347025,-11.829085716834435,-14.517911764291616,338,313,368,343,1.3862835000036284,1.379245200078003,0.4969719350337982,0.20806749165058136,0.1162141138828014
1,2026-04-08,LABORAL,26,12.710995,23.901098,28.4718624995305,29.463658259465145,-0.9917957599346465,4.730113983154297,4.780738243689904,365,387,395,417,1.6491599000291899,2.3617495000362396,0.4923538565635681,0.2059730887413025,0.11613391691220062
1,2026-04-09,LABORAL,27,12.721282,23.901098,27.72663300125687,30.08445146348741,-2.35781846223054,4.914244616473162,7.023706789369936,351,60,381,90,2.09041950001847,0.4799592000199482,0.49985331296920776,0.20615671575069427,0.11468164502041173
1,2026-04-10,LABORAL,26,12.74187,23.901098,34.258923310499924,30.333935810969425,3.9249874995304985,-26.647723711453953,-20.998127717238205,88,71,118,101,0.8424003999680281,0.5972656999947503,0.5878756046295166,0.5893259644508362,0.2394594559347234
1,2026-04-11,SABADO,24,12.74187,23.626375,24.898070971171062,36.61834303538004,-11.72027206420898,9.494155565897623,20.38649845123291,335,59,365,89,2.2332287000026554,0.5938008999219164,0.49622175097465515,0.21904805302619934,0.12015051662033524
1,2026-04-12,DOMINGO,8,12.700701,20.329672,3.6869964599609375,9.117110252380371,-5.430113792419434,2.178447723388672,6.6619672775268555,364,60,394,90,1.5980213999282569,0.38017140002921224,0.5079286098480225,0.23819096386432648,0.10687334667955523
1,2026-04-13,LABORAL,27,12.865376,25.274723,30.62578300193504,30.16226026746962,0.46352273446542114,12.33809718379268,5.010586208767361,451,334,481,364,2.2253118000226095,1.7206055000424385,0.4786367416381836,0.23452630639076233,0.142169375766003
1,2026-04-14,LABORAL,26,12.87567,25.0,27.201253450833836,28.886211982140175,-1.6849585313063393,4.3123345008263225,0.2003335219163161,426,345,456,375,1.7671431000344455,1.4947082999860868,0.4807499349117279,0.22851575911045074,0.13677307329774413
1,2026-04-15,LABORAL,26,12.885963,24.725277,25.460248947143555,28.31068699176495,-2.850438044621395,5.38280648451585,11.262639999389648,400,337,430,367,1.7672958999173716,2.071326599922031,0.4575558602809906,0.22032767534255981,0.13656692953435198
1,2026-04-16,LABORAL,25,12.834501,21.703297,32.71799591064453,32.643115539550784,0.07488037109374801,5.078719787597656,-7.8781259155273435,381,294,411,324,2.319280100055039,1.7934030999895185,0.4664088189601898,0.22706015408039093,0.11889993173892978
1,2026-04-17,LABORAL,25,12.865376,17.032969,28.311677551269533,30.282920532226562,-1.9712429809570295,-4.419624328613281,-13.849069213867187,224,110,254,140,1.6800203000893816,0.774996199994348,0.4971165955066681,0.24276138842105865,0.09111979855641396
1,2026-04-18,SABADO,26,13.040346,16.208792,12.643944813654972,15.016027303842398,-2.3720824901874256,1.971227058997521,4.731582348163311,447,110,477,140,2.200540199992247,0.5783471999457106,0.4903658926486969,0.20711442828178406,0.07553251345767253
1,2026-04-19,DOMINGO,13,13.009471,12.087912,12.401768611027645,11.23440434382512,1.1673642672025242,1.1117506760817308,-1.5010974590594952,500,384,530,414,2.900013900012709,2.4368386999703944,0.4812287986278534,0.22057192027568817,0.059286871922578165
1,2026-04-20,LABORAL,26,13.184441,16.208792,31.855567051814152,31.420667208158054,0.4348998436560976,12.48287875835712,10.844512352576622,468,264,498,294,3.108349399990402,1.7281813999870792,0.4687817096710205,0.1860533058643341,0.07130073599314624
1,2026-04-21,LABORAL,27,13.174147,16.208792,42.073484067563655,40.21291478474935,1.8605692828143034,2.8926849365234375,-0.40409243548357926,262,312,292,342,1.7729103999445215,1.9389378000050783,0.48887744545936584,0.20186850428581238,0.07396844974734344
1,2026-04-22,LABORAL,24,13.184441,15.934068,31.602996190388996,31.423516273498535,0.17947991689046106,3.7875874837239585,5.23795731862386,504,293,534,323,2.7812474999809638,1.7798329000361264,0.4955127239227295,0.1711157262325287,0.06143369586017251
1,2026-04-23,LABORAL,23,13.194728,16.75824,32.3971182781717,33.95267652428669,-1.555558246114984,24.611418019170348,18.33539879840353,248,297,278,327,1.9134383000200614,1.4159564999863505,0.5185854434967041,0.2397007793188095,0.08513236082193232
1,2026-04-24,LABORAL,25,13.194728,17.582417,21.379408874511718,37.89858139038086,-16.519172515869144,-6.085184020996094,-35.574805145263674,265,256,295,286,1.3005331999156624,1.6046990000177175,0.5281516909599304,0.32099223136901855,0.11477521656875436
1,2026-04-25,SABADO,26,13.205022,17.307693,25.298905739417442,24.28839844923753,1.0105072901799126,-2.6396204141470103,4.407643538254958,243,311,273,341,2.0072410999564454,1.9414550000801682,0.5236666202545166,0.33850768208503723,0.11917309435722981
1,2026-04-26,DOMINGO,9,13.071221,12.362635,9.447767469618055,8.774559868706596,0.6732076009114589,4.6985626220703125,2.8721143934461804,435,110,465,140,2.9492497000610456,0.8025977000361308,0.5147597789764404,0.36578163504600525,0.09110702539202366
1,2026-04-27,LABORAL,27,13.277072,17.307693,35.43748078522859,30.28822920057509,5.1492515846534985,18.87285077130353,9.086409674750435,423,335,453,365,2.5866398999933153,2.0983716000337154,0.5015857219696045,0.316057950258255,0.11651805649223944
1,2026-04-28,LABORAL,26,13.287359,17.032969,28.589055868295524,25.575624759380634,3.01343110891489,-1.711201887864333,-3.0388548924372745,274,320,304,350,1.8391670000273734,1.9091428000247106,0.5205986499786377,0.3215527832508087,0.1125344482585348
1,2026-04-29,LABORAL,26,13.307947,17.032969,20.68785153902494,22.001765911395733,-1.3139143723707924,3.579578106219952,10.6651364839994,254,104,284,134,1.2140018999343738,0.5730267999460921,0.5185165405273438,0.3190619945526123,0.1121586118186987
1,2026-04-30,LABORAL,25,13.205022,16.75824,43.471915283203124,43.849891357421875,-0.37797607421875057,-3.237711181640625,-8.676077270507813,250,385,280,415,1.643301900010556,2.6014948999509215,0.49882543087005615,0.3062670826911926,0.11000816820225155
1,2026-05-01,FESTIVO,17,13.225609,16.75824,10.001256606158089,35.49408183378332,-25.492825227625232,-5.16985096650965,35.337190964642694,270,178,300,208,1.8317741999635473,1.3977381000295281,0.5245683789253235,0.3025948703289032,0.10404750207095993
1,2026-05-02,SABADO,26,13.246191,19.23077,30.498981622549202,25.21594502375676,5.283036598792442,-24.118437106792744,-1.1962811396672175,312,277,342,307,2.3385286000557244,1.96817959996406,0.5328518748283386,0.29856762290000916,0.11770640073912557
1,2026-05-05,LABORAL,25,13.287359,17.532467,35.52392608642578,37.174803771972655,-1.6508776855468739,-8.84810577392578,-11.499267883300782,530,404,560,434,3.0979410000145435,2.4355427999980748,0.5242929458618164,0.31453150510787964,0.11311436506802555
1,2026-05-06,LABORAL,25,13.297653,17.20779,38.4580044555664,41.153545227050785,-2.6955407714843815,18.53292205810547,26.00816864013672,359,314,389,344,1.5376299999188632,1.4485972999827936,0.5291256904602051,0.30176520347595215,0.10597331168208783
1,2026-05-07,LABORAL,27,13.328528,16.558445,23.903495364718967,26.21232718008536,-2.3088318153663927,-1.276070064968533,10.410231413664642,405,283,435,313,2.6464783999836072,1.8318347000749782,0.5366122126579285,0.2140582650899887,0.07335377236086275
1,2026-05-08,LABORAL,26,13.379992,15.909094,33.437295326819786,33.203649227435776,0.2336460993840106,7.015913009643555,2.966960466825045,420,272,450,302,2.415384200052358,1.68477999989409,0.5416332483291626,0.1892368495464325,0.06200104721037399
1,2026-05-09,SABADO,25,13.4005785,15.909094,26.742355194091797,26.037210845947264,0.7051443481445325,-3.677442779541016,-1.758142852783203,270,313,300,343,1.7858792999759316,1.8997321999631822,0.5568885207176208,0.23270060122013092,0.07326259290632454
1,2026-05-10,DOMINGO,10,13.307947,10.714287,23.405403900146485,9.839096832275391,13.566307067871094,22.510800170898438,-7.856830596923828,59,287,89,317,0.6068905999418348,1.8540095000062138,0.5997326970100403,0.648067831993103,0.11478677933866882
1,2026-05-11,LABORAL,26,13.493204,16.233767,36.593738262469955,31.04330825805664,5.550430004413315,27.562364431527946,18.76745576124925,389,313,419,343,2.512187200016342,2.0571655000094324,0.5410217642784119,0.1763763725757599,0.05942502916498984
1,2026-05-12,LABORAL,26,13.493204,16.233767,24.48259426997258,23.938096853402946,0.5444974165696337,0.7315534444955679,-6.198358389047476,261,307,291,337,1.2190401999978349,1.7904597000451759,0.5543925166130066,0.22842873632907867,0.07394683607867901
1,2026-05-13,LABORAL,26,13.503498,16.233767,33.20531683701735,33.232445790217476,-0.027128953200126205,-0.22026663560133714,-1.0666317572960486,267,288,297,318,1.6596174999140203,1.8689564999658614,0.5616233348846436,0.23581358790397644,0.07524869256913391
1,2026-05-14,LABORAL,27,13.513792,15.909094,17.921666463216145,21.439844484682435,-3.5181780214662908,7.162565443250868,11.68614564118562,262,326,292,356,1.7316214999882504,1.9481678999727592,0.5456393361091614,0.208015576004982,0.06727304398031819
1,2026-05-15,LABORAL,26,13.544666,12.662339,28.25714580829327,28.28133905850924,-0.024193250215969186,-6.337970440204327,-10.935463978694035,276,125,306,155,1.824858000036329,0.9423260999610648,0.544157087802887,0.17948222160339355,0.045637592413925246
1,2026-05-16,SABADO,25,13.647593,12.662339,28.398256683349608,31.180560150146484,-2.7823034667968756,-0.042605438232421876,3.756314544677734,271,133,301,163,1.7042158000404015,0.9213498999597505,0.5322722792625427,0.1726219207048416,0.04490759721563878
1,2026-05-17,DOMINGO,8,13.575548,12.5,11.123623847961426,11.022296905517578,0.10132694244384766,1.3336496353149414,0.7270412445068359,287,173,317,203,1.7711325999116525,1.1810115000698715,0.5354976654052734,0.16848666965961456,0.043014535860846186
1,2026-05-18,FESTIVO_PUENTE,13,13.614779,17.032969,12.516198378342848,17.082476395827072,-4.566278017484224,7.987716087928185,15.087454282320463,252,257,282,287,1.1789141999324784,1.1506380999926478,0.5255272388458252,0.18282821774482727,0.06666105230589155
1,2026-05-19,LABORAL,26,13.64389,20.329672,30.648477407602165,31.19618166410006,-0.5477042564978944,14.447645920973558,-16.42286095252404,465,59,495,89,2.6431123000802472,0.5146029000170529,0.5053974390029907,0.13290303945541382,0.06288247563180523
1,2026-05-20,LABORAL,26,13.654243,20.054943,35.094965127798226,35.789686056283806,-0.6947209284855802,6.310856452355018,8.702807206373949,394,288,424,318,2.2638142000650987,1.7374185000080615,0.48860299587249756,0.13771745562553406,0.06603772012892861
1,2026-05-23,SABADO,23,13.685298,22.402596,25.756103349768598,33.94195904939071,-8.185855699622113,-2.6454880755880605,5.0143875453783116,334,59,364,89,2.3128827000036836,0.46421589993406087,0.4993225336074829,0.16237808763980865,0.0858273441967306
1,2026-05-24,DOMINGO,12,13.612837,18.181818,6.336157480875651,18.40805498758952,-12.071897506713867,3.623530069986979,16.477997461954754,386,59,416,89,2.3327473000390455,0.49050610000267625,0.5135596394538879,0.155374675989151,0.06299671597673012
1,2026-05-25,LABORAL,27,13.788819,22.727276,30.449866400824654,29.111319930465132,1.3385464703595211,12.305008499710649,8.255646034523293,473,276,503,306,2.6615739999106154,1.6007974999956787,0.47559526562690735,0.1256614625453949,0.07210794600382621
1,2026-05-26,LABORAL,26,13.809526,22.402596,29.999750577486477,31.39601546067458,-1.3962648831881026,1.6684687687800481,-4.750773503230168,436,292,466,322,1.878682899987325,1.6367184000555426,0.4859362244606018,0.13139794766902924,0.07241277580222753
1,2026-05-27,LABORAL,25,13.809526,22.402596,35.54046875,35.450734252929685,0.08973449707031733,5.279114990234375,6.83530029296875,370,286,400,316,2.4051014999859035,1.722426199936308,0.4810691177845001,0.141783207654953,0.07841578955543649
1,2026-05-28,LABORAL,26,13.809526,23.051947,32.0474967956543,33.811292501596306,-1.7637957059420089,6.9070149935208836,5.6547848628117485,462,321,492,351,2.9591078999219462,1.8773389999987558,0.5139113664627075,0.16224347054958344,0.08640569474749732
1,2026-05-29,LABORAL,26,13.809526,23.051947,23.77356133094201,23.065180264986477,0.7083810659555319,0.3317254873422476,6.183012155386118,374,288,404,318,2.150101999985054,1.7810286999447271,0.5245851874351501,0.1512574404478073,0.0795113534328609
1,2026-05-30,SABADO,23,13.809526,22.727276,22.108948417331863,23.861062920611836,-1.752114503279973,2.4593048095703125,7.407223411228346,432,272,462,302,2.5119817999657243,1.688475799979642,0.5212178826332092,0.14948904514312744,0.07779284590860545
1,2026-05-31,DOMINGO,9,13.757765,17.85714,19.316135830349392,20.747391594780815,-1.4312557644314232,-11.63853030734592,-13.745633443196615,424,278,454,308,2.0530973999993876,1.331293600029312,0.5192852020263672,0.1448679119348526,0.05717913834483946
1,2026-06-01,LABORAL,25,13.871634,19.155842,31.971575622558593,35.06394287109375,-3.092367248535158,11.967928161621094,15.865541381835937,161,128,191,158,1.2869693000102416,0.9580777999944985,0.5249974131584167,0.19093726575374603,0.0793388621810802
1,2026-06-02,LABORAL,26,14.016562,19.48052,30.175771126380333,30.32260351914626,-0.1468323927659263,-1.5290047572209284,0.5673873607928936,158,138,188,168,1.0202772000338882,0.9932246999815106,0.5327460765838623,0.20932310819625854,0.08680778131649598
1,2026-06-03,LABORAL,25,14.03727,19.48052,26.155814208984374,26.723718566894533,-0.5679043579101588,11.230409545898437,12.339168395996094,151,114,181,144,1.129152600071393,0.8532024999149144,0.5213199853897095,0.21170228719711304,0.08945830183735891
1,2026-06-04,LABORAL,26,14.047617,18.75,25.775653985830452,25.637953684880184,0.13770030095026797,16.742264234102688,14.98226708632249,157,130,187,160,1.0022432999685407,0.9145482000894845,0.5163030624389648,0.22283723950386047,0.09057870058154703
1,2026-06-05,LABORAL,26,14.078074,17.85714,28.32672353891226,29.847897602961613,-1.5211740640493545,-15.96235832801232,-18.604699208186222,188,129,218,159,1.3966606999747455,0.9714366999687627,0.5167432427406311,0.20110240578651428,0.07800347725079339
1,2026-06-06,SABADO,21,14.087879,17.032969,24.032843090239027,23.735430581229075,0.297412509009952,-5.903939020066034,-3.11577878679548,257,133,287,163,1.6053769000573084,0.9588161000283435,0.5172739624977112,0.1732781082391739,0.06434621326845728
1,2026-06-07,DOMINGO,17,14.014996,14.560437,11.481475830078125,11.953188279095817,-0.4717124490176925,-2.3814419017118564,5.601342145134421,175,127,205,157,1.4063638999359682,0.9778628000058234,0.5293333530426025,0.27476876974105835,0.08127191659917311
1,2026-06-08,FESTIVO_PUENTE,8,14.171177,17.307693,13.495370864868164,75.00625705718994,-61.51088619232178,10.108802795410156,75.00625705718994,258,128,288,158,1.533774699899368,0.9930524999508634,0.5060921311378479,0.20771841704845428,0.07910929016842226
1,2026-06-09,LABORAL,25,14.18159,22.252745,30.732181091308593,30.267509155273437,0.4646719360351561,22.151186218261717,18.313028564453123,340,280,370,310,2.2154372999211773,1.7400032000150532,0.4858649671077728,0.19738630950450897,0.10416633321718521
1,2026-06-10,LABORAL,24,14.192003,22.252745,37.20572026570638,37.397317250569664,-0.19159698486328125,20.639087677001953,20.593751907348633,365,290,395,320,2.4992897000629455,1.8688526999903843,0.48132362961769104,0.1991649717092514,0.10589225386885893
3,2026-04-02,FESTIVO,19,10.955173,15.934068,25.807479055304277,11.868661579332853,13.938817475971424,-25.290178800884046,-5.29810895417866,469,352,499,382,2.981700100004673,2.2212069999659434,0.38227975368499756,0.11657934635877609,0.05464397782590316
3,2026-04-03,FESTIVO,11,10.976118,17.85714,22.682499972256746,18.1606181751598,4.521881797096945,17.31393640691584,12.10074268687855,262,435,292,465,1.7139321999857202,2.7483209000201896,0.3916807174682617,0.12384507060050964,0.0643158428422043
3,2026-04-04,SABADO,23,10.986596,21.428574,25.99873219365659,37.690337471340015,-11.691605277683426,20.63614687712296,32.67327482804008,404,351,434,381,1.762656000093557,1.6225472999503836,0.3642958998680115,0.11561933159828186,0.07966215072806049
3,2026-04-05,DOMINGO,11,10.902804,19.780218,8.354191173206676,11.503483858975498,-3.149292685768822,8.354191173206676,11.503483858975498,533,366,563,396,2.9277184000238776,2.228167499997653,0.3711320757865906,0.16148819029331207,0.09689476130348149
3,2026-04-06,LABORAL,27,11.018014,21.703297,32.934288024902344,31.73386100486473,1.2004270200376155,9.327482718008536,1.3248344703956887,336,432,366,462,2.2751906999619678,2.6144697999116033,0.39567574858665466,0.1959632784128189,0.12071155971286295
3,2026-04-07,LABORAL,26,11.1227455,21.703297,39.12622921283428,37.27263993483324,1.8535892780010457,-17.501361846923828,-11.566273615910458,379,133,409,163,2.496802000096068,0.9922327999956906,0.37301892042160034,0.15724429488182068,0.10462408747163861
3,2026-04-08,LABORAL,27,11.1227455,21.153843,33.5202311763057,32.28993903266059,1.2302921436451086,1.965388262713397,-0.23935840747974538,324,307,354,337,1.9972943000029773,1.786829899996519,0.36801254749298096,0.12466216087341309,0.08331109831657278
3,2026-04-09,LABORAL,27,11.154169,21.153843,37.08398776584201,36.843874048303675,0.24011371753833544,2.953020449037905,8.010030958387587,383,345,413,375,1.9087743000127375,1.4816296000499278,0.3692072033882141,0.12506720423698425,0.08331131052496413
3,2026-04-10,LABORAL,27,11.164641,21.153843,38.19599349410446,38.64792830855758,-0.451934814453125,-8.716176916051793,-12.108137907805267,259,142,289,172,1.691720200004056,1.0776260999264196,0.3692258596420288,0.1334601491689682,0.08840378178103624
3,2026-04-11,SABADO,24,11.164641,20.604397,26.21107355753581,27.182407061258953,-0.9713335037231445,0.8020445505777994,4.188023567199707,414,337,444,367,2.536320999963209,2.136926500010304,0.390346884727478,0.17919202148914337,0.10645100186768097
3,2026-04-12,DOMINGO,8,11.133224,17.85714,6.5133562088012695,6.332807540893555,0.18054866790771484,4.092766761779785,3.507017135620117,345,374,375,404,2.421187900006771,2.2188961999490857,0.39401713013648987,0.14834371209144592,0.0756538189243463
3,2026-04-13,LABORAL,27,11.279851,22.802198,42.17736053466797,40.990433586968315,1.1869269476996536,24.2811525132921,23.35218556722005,310,114,340,144,2.123787600081414,0.8747999999905005,0.3847557604312897,0.1555594503879547,0.10668156378763737
3,2026-04-14,LABORAL,28,11.3007965,22.527473,31.628168651035853,31.424878529139928,0.20329012189592532,-3.1008913857596263,7.492724009922573,269,106,299,136,2.003980099922046,0.7746007000096142,0.4059131145477295,0.15178371965885162,0.098068678564466
3,2026-04-15,LABORAL,27,11.311269,21.703297,27.603038929126882,31.03179931640625,-3.428760387279368,4.362764994303386,23.775452225296586,404,113,434,143,1.6726209999760613,1.0264776000985876,0.38741007447242737,0.13978159427642822,0.09092075342508779
3,2026-04-16,LABORAL,27,11.237955,19.505495,27.190418102123118,29.280945389359086,-2.090527287235968,7.679448728208189,17.44409857855903,337,121,367,151,2.1367413999978453,0.9152061999775469,0.39257553219795227,0.13723129034042358,0.07809227975397219
3,2026-04-17,LABORAL,26,11.227483,15.109891,29.17270014836238,32.130401611328125,-2.957701462965744,-5.830565232496995,-16.008597153883713,266,113,296,143,1.6942579000024125,0.8730385000817478,0.3947949707508087,0.13952304422855377,0.05918130244916538
3,2026-04-18,SABADO,25,11.395055,14.285713,21.068497009277344,22.45867919921875,-1.390182189941406,9.263497009277344,7.181998901367187,258,128,288,158,1.7969305999577045,0.9074966000625864,0.4022912383079529,0.12895695865154266,0.0507164583182106
3,2026-04-19,DOMINGO,11,11.37411,10.439563,10.12834999778054,9.914179021661932,0.21417097611860747,0.9695060036399148,-2.4973796497691763,263,270,293,300,1.7080252999439836,1.7089977000141516,0.40218299627304077,0.13580560684204102,0.03786986716666256
3,2026-04-20,LABORAL,27,11.552155,14.835167,37.495032416449654,35.61938363534433,1.8756487811053262,17.404858624493635,17.34783257378472,264,263,294,293,1.8268756000325084,1.6846284000203013,0.39315712451934814,0.12480925023555756,0.05240073686081231
3,2026-04-21,LABORAL,27,11.5626335,14.560437,31.488815590187354,33.395261693883825,-1.9064461036964708,-8.705760531955296,-13.670989142523872,251,189,281,219,1.838245899998583,1.2565869999816641,0.3951387405395508,0.11718389391899109,0.04810843414541666
3,2026-04-22,LABORAL,27,11.583578,14.560437,39.01202731662326,45.70064855504919,-6.688621238425931,12.280000474717882,26.48940983525029,245,109,275,139,1.5418445999966934,0.9467534000286832,0.38887882232666016,0.1162167340517044,0.04846143503154834
3,2026-04-23,LABORAL,22,11.594051,14.560437,31.770871595902875,31.954822193492543,-0.1839505975896678,16.11138811978427,18.105840509588067,319,270,349,300,2.117915999959223,1.75012300000526,0.38841915130615234,0.1157284528017044,0.04832201293653161
3,2026-04-24,LABORAL,25,11.604524,15.934068,39.620138549804686,49.13498168945313,-9.514843139648441,-1.1755072021484374,-25.035357666015624,265,241,295,271,1.8231000000378117,1.538191800005734,0.3835420310497284,0.20376472175121307,0.09148591509701177
3,2026-04-25,SABADO,23,11.594051,15.659338,27.309133446734883,26.07810576065727,1.2310276860776135,-12.270769533903703,-4.554895152216372,245,184,275,214,1.9291730999248102,1.1776283000363037,0.3997513949871063,0.2215450555086136,0.09329815373851857
3,2026-04-26,DOMINGO,10,11.478842,11.538464,8.144773864746094,9.038114929199219,-0.893341064453125,0.8014007568359375,2.0234619140625,317,172,347,202,2.074962400016375,1.1369887999026105,0.40493419766426086,0.2597767114639282,0.07721631282261722
3,2026-04-27,LABORAL,28,11.68831,16.208792,40.15246663774763,38.46208899361746,1.690377644130166,11.207560675484794,10.37351063319615,392,168,422,198,2.191609699977562,0.8215133999474347,0.3753870725631714,0.2124253362417221,0.0986654760453273
3,2026-04-28,LABORAL,27,11.698782,16.208792,31.230213023998118,31.384492097077548,-0.15427907307942945,7.013998808684172,9.769725658275464,391,292,421,322,1.8441490000113845,1.8266079999739304,0.3877069354057312,0.2080063670873642,0.09402462808139626
3,2026-04-29,LABORAL,26,11.68831,16.208792,33.99902695875902,35.05632811326247,-1.057301154503449,-9.11229999248798,-1.6804172809307392,258,150,288,180,1.9907343999948353,1.0461190999485552,0.3942573070526123,0.2163642942905426,0.09597106767261612
3,2026-04-30,LABORAL,27,11.520738,16.483515,31.903273970992476,32.664571126302086,-0.7612971553096095,-2.9868802671079284,2.7429566559968173,202,164,232,194,1.4976080000633374,1.1335089999483898,0.3998391032218933,0.2240193635225296,0.09956988509244702
3,2026-05-01,FESTIVO,18,11.53121,16.208792,39.712945726182724,86.54662365383572,-46.833677927653,35.47564697265625,86.54662365383572,204,153,234,183,1.5167819999624044,1.0410115000559017,0.40125253796577454,0.22056467831134796,0.09611347154019562
3,2026-05-02,SABADO,26,11.520738,18.13187,29.08390133197491,24.658922048715446,4.424979283259464,-24.511666224553036,-9.778822678786058,293,400,323,430,1.9528043000027537,2.3623626000480726,0.41046735644340515,0.20971091091632843,0.10165173699603537
3,2026-05-03,DOMINGO,8,11.447424,14.01099,5.683844566345215,37.26041507720947,-31.576570510864258,3.5347204208374023,34.39115238189697,272,402,302,432,2.012545899953693,2.151958200032823,0.4195581078529358,0.23687241971492767,0.08424204791336033
3,2026-05-04,LABORAL,27,11.625469,19.23077,31.67952106617115,30.060443736888743,1.6190773292824083,7.998665421097367,3.782992610224971,259,429,289,459,1.1923014000058174,2.5120770999928936,0.40466001629829407,0.21697454154491425,0.11321120030763646
3,2026-05-05,LABORAL,27,11.635947,19.23077,36.79517223216869,36.76316635696976,0.0320058751989265,1.744447496202257,-0.06821780734592015,302,445,332,475,2.0749598999973387,2.6664619999937713,0.4070900082588196,0.21294155716896057,0.11075019267584633
3,2026-05-06,LABORAL,23,11.64642,19.23077,37.90326159933339,39.270501509956695,-1.3672399106233044,23.053995215374492,22.453140590501867,288,441,318,471,2.285891800071113,2.674386099912226,0.4045618176460266,0.21307750046253204,0.11142839078950338
3,2026-05-07,LABORAL,26,11.64642,18.956041,33.29695598895733,31.268768310546875,2.028187678410454,-5.734718322753906,1.6469139685997596,305,488,335,518,2.0008468999294564,3.0212333999807015,0.4090151786804199,0.19307941198349,0.09943487047985786
3,2026-05-08,LABORAL,26,11.709261,18.681318,30.568561553955078,29.87885519174429,0.6897063622107886,4.699198502760667,6.260723994328425,459,438,489,468,2.9228737000375986,1.9909339000005275,0.39812397956848145,0.16331714391708374,0.08612285873018033
3,2026-05-09,SABADO,25,11.719733,17.85714,17.22285430908203,17.399956970214845,-0.17710266113281392,0.16917694091796875,-0.8291592407226562,312,578,342,608,1.812499799998477,3.4050809999462217,0.4147568643093109,0.17862491309642792,0.08560956461972434
3,2026-05-10,DOMINGO,9,11.656893,13.736266,10.797476026746962,10.47393798828125,0.3235380384657116,-4.566208733452691,-4.024244520399305,355,560,385,590,2.431516700075008,3.313055200036615,0.40873533487319946,0.19681064784526825,0.07121355781390169
3,2026-05-11,LABORAL,26,11.845409,18.956041,46.77060259305514,42.86916967538687,3.9014329176682665,21.434347005990837,10.656168130727915,383,483,413,513,2.5233331999043003,2.848524500033818,0.3853250741958618,0.17372222244739532,0.0953927272329861
3,2026-05-12,LABORAL,27,11.845409,19.23077,37.21990458170573,38.04922174524378,-0.8293171635380503,-7.204254150390625,-9.295225072790075,375,452,405,482,2.6479705999372527,2.752293900004588,0.40250319242477417,0.17976118624210358,0.09611485978543861
3,2026-05-13,LABORAL,26,11.855888,18.956041,40.26228273831881,40.43400104229267,-0.17171830397386145,2.0651691143329325,-0.6997263981745794,293,543,323,573,1.2636688000056893,3.055807500029914,0.41702595353126526,0.18978086113929749,0.09620273257434843
3,2026-05-14,LABORAL,27,11.876833,19.23077,31.030134130407262,29.328802320692276,1.7013318097149863,0.3368374859845197,-1.9066430551034432,354,437,384,467,2.2961513999616727,2.892064700019546,0.4136202335357666,0.1831759661436081,0.09538521991340085
3,2026-05-15,LABORAL,27,11.876833,16.75824,30.810535572193288,30.188084355107062,0.6224512170862262,-4.611255221896702,-2.3975072790075234,245,450,275,480,1.5373199000023305,2.691438699956052,0.4191224277019501,0.19998452067375183,0.08764121652301285
3,2026-05-16,SABADO,26,11.971092,16.483515,28.64972393329327,26.538060701810398,2.111663231482872,-0.9143741314227765,-1.7285396869365985,248,502,278,532,1.7220811999868602,3.136555499979295,0.4203709065914154,0.19806554913520813,0.08508171861219939
3,2026-05-17,DOMINGO,15,11.866361,11.538464,10.714148966471354,12.530526224772135,-1.816377258300781,-1.5181447347005208,-0.5051335652669271,241,430,271,460,1.6604633000679314,2.4699455000227317,0.4263835549354553,0.2138758897781372,0.0614088945248278
3,2026-05-18,FESTIVO_PUENTE,13,12.0758295,14.835167,14.546557499812199,6.549074026254507,7.997483473557692,8.165220407339243,-2.95930422269381,335,486,365,516,1.3961185000371188,2.783822099911049,0.41152238845825195,0.16325408220291138,0.06463722779785243
3,2026-05-19,LABORAL,27,12.0758295,18.681318,31.735011348017938,30.367937441225404,1.367073906792534,10.396190502025464,3.279967696578414,471,642,501,672,2.859082299983129,3.8886147999437526,0.39141395688056946,0.13844402134418488,0.0751495912390844
3,2026-05-20,LABORAL,27,12.065357,17.582417,28.800532588252313,33.10096514666522,-4.300432558412904,3.598453097873264,19.428155969690394,458,101,488,131,2.523238299996592,0.7367583999875933,0.38612744212150574,0.08089999854564667,0.04278448687934638
3,2026-05-23,SABADO,25,12.11772,18.83117,22.069607543945313,22.952823181152343,-0.8832156372070301,-1.6776025390625,1.4177920532226562,347,421,377,451,2.33153979992494,2.7112570999888703,0.3982859253883362,0.07785508036613464,0.043382855303281904
3,2026-05-24,DOMINGO,11,12.054878,13.636362,14.66727100719105,14.464867331764914,0.2024036754261367,-4.3795013427734375,-4.421651666814631,343,415,373,445,2.209999900078401,2.7296415000455454,0.3969663381576538,0.05462585762143135,0.021265574296400934
3,2026-05-25,LABORAL,28,12.253875,18.50649,43.58787046160017,41.41411835806711,2.1737521035330616,6.376507895333426,8.88950593130929,403,417,433,447,2.628883199999109,2.6689424000214785,0.3649662733078003,0.04663630202412605,0.028200018862081882
3,2026-05-26,LABORAL,27,12.274819,18.181818,29.548874466507524,29.878223560474538,-0.3293490939670143,1.8342810736762152,0.6231712058738426,400,430,430,460,2.6698647999437526,2.65523909998592,0.3760318160057068,0.04553762823343277,0.026205979521792554
3,2026-05-27,LABORAL,26,12.264347,17.85714,34.87151688795824,34.91371360191932,-0.04219671396108282,16.488012460561897,20.198895674485428,398,468,428,498,2.576294199912809,2.8447811000514776,0.35872894525527954,0.04130665212869644,0.024420711539909327
3,2026-05-28,LABORAL,27,12.274819,18.181818,30.9316081294307,32.612955729166664,-1.6813475997359646,-1.377026875813802,1.268072622793692,399,432,429,462,2.546169099980034,2.3670608999673277,0.366193950176239,0.04657096043229103,0.02748451328145164
3,2026-05-29,LABORAL,27,12.274819,18.181818,35.53374481201172,34.93552511709708,0.5982196949146399,-1.398779692473235,-2.4169975563331887,378,480,408,510,2.126719400053844,3.1320453999796882,0.36652570962905884,0.049233753234148026,0.028984910417850052
3,2026-05-30,SABADO,23,12.253875,17.85714,34.28263291068699,33.15057306704314,1.1320598436438516,7.958174000615659,5.734833427097486,374,500,404,530,2.464882900007069,3.0759376999922097,0.3779655694961548,0.0493994802236557,0.02762771107274865
3,2026-05-31,DOMINGO,9,12.201506,15.259743,7.469256083170573,7.592627631293403,-0.12337154812282947,-1.2834074232313368,-3.15781487358941,390,489,420,519,2.4036215000087395,2.8313299999572337,0.39709892868995667,0.07550885528326035,0.033108113326020316
3,2026-06-01,LABORAL,25,12.264347,16.558445,37.90645202636719,40.55108581542969,-2.644633789062496,27.3339111328125,29.404613037109375,233,196,263,226,1.6207101999316365,1.27538329991512,0.3963890075683594,0.11492294073104858,0.0544036376586969
3,2026-06-02,LABORAL,25,12.421447,17.20779,43.09541229248047,44.03398132324219,-0.9385690307617196,2.6985763549804687,-5.6409539794921875,184,195,214,225,1.676642099977471,1.0724547000136226,0.4033585786819458,0.14712823927402496,0.07046992995980604
3,2026-06-03,LABORAL,26,12.431926,17.85714,41.85705654437725,44.552227607140175,-2.695171062762924,13.2265258202186,21.31239465566782,176,114,206,144,0.8460332000395283,0.8183434000238776,0.4207322299480438,0.17121510207653046,0.08127621528493428
3,2026-06-04,LABORAL,26,12.431926,16.964287,42.18011826735277,44.39175121600811,-2.2116329486553425,14.652644817645733,16.400928790752705,195,204,225,234,1.6135480999946594,1.4069980999920517,0.4336048662662506,0.1690995693206787,0.07379487863651492
3,2026-06-05,LABORAL,25,12.447476,16.208792,35.401314392089844,38.806373596191406,-3.405059204101562,-10.942948303222657,-16.932850036621094,194,143,224,173,1.3006372000090778,0.8202511001145467,0.4453626871109009,0.16975289583206177,0.06866883984745294
3,2026-06-06,SABADO,24,12.452591,16.208792,29.371625900268555,21.68976084391276,7.681865056355793,-25.059430440266926,-4.0516618092854815,155,128,185,158,0.9854603999992833,0.6546870999736711,0.4565439820289612,0.19073256850242615,0.07477267565706963
3,2026-06-07,DOMINGO,18,12.357778,12.637365,9.694447411431206,12.234520806206596,-2.5400733947753906,-1.7451871236165364,8.502979702419704,190,110,220,140,0.901999199995771,0.5904404000611976,0.4555201828479767,0.2115768939256668,0.06295792890113548
3,2026-06-08,FESTIVO_PUENTE,9,12.52634,15.384615,62.69457583957248,97.9887186686198,-35.29414282904732,62.22048017713759,97.9887186686198,202,174,232,204,1.3998029000358656,1.2292528999969363,0.42939674854278564,0.17806939780712128,0.07011292223263606
3,2026-06-09,LABORAL,26,12.505269,20.329672,47.520729064941406,40.62814947275015,6.892579592191254,17.00664520263672,-2.9454454275277944,379,114,409,144,2.397189599927515,0.7948619000380859,0.43364521861076355,0.14612165093421936,0.07917546017383408
3,2026-06-10,LABORAL,22,12.494731,20.329672,35.73303846879439,42.96484999223189,-7.2318115234375,24.85852883078835,39.6014799638228,374,111,404,141,2.108600200037472,0.6668227999471128,0.450086385011673,0.1500815600156784,0.07841524460311827
