route,dia_op,tipo_dia,n,mae_densa,mae_decoder,mae_hibrido,mae_media,sesgo_decoder,sesgo_hibrido,usa_fallback_festivo,epoca_mejor,epocas,segundos
1,2026-04-02,FESTIVO,15,13.489785,8.697061,12.513333333333332,12.513333333333332,-0.6645197,3.262222222222222,True,483,513,3.1169512000633404
1,2026-04-03,FESTIVO,8,29.260788,14.962622,13.222916666666666,13.222916666666666,12.445799,13.222916666666666,True,473,503,2.5360784999793395
1,2026-04-04,SABADO,22,41.036568,28.23001,28.230009078979492,40.679638847132374,16.879011,16.879011154174805,False,353,383,2.0872037999797612
1,2026-04-05,DOMINGO,11,19.41557,10.551978,10.55197811126709,11.678479319886668,10.546487,10.546486854553223,False,279,309,1.717217899975367
1,2026-04-06,LABORAL,28,26.19723,37.789833,37.789833068847656,26.975298037408276,3.2959347,3.2959346771240234,False,285,315,1.7451847000047565
1,2026-04-07,LABORAL,26,23.914457,30.12573,30.125730514526367,23.179854832387132,-12.108598,-12.108597755432129,False,340,370,1.9538714999798685
1,2026-04-08,LABORAL,26,34.56775,31.896105,31.89610481262207,28.663387312407284,5.713934,5.713933944702148,False,306,336,1.9089104000013322
1,2026-04-09,LABORAL,27,29.112486,30.213352,30.21335220336914,29.192886998967865,3.6733322,3.6733322143554688,False,342,372,2.1919141999678686
1,2026-04-10,LABORAL,26,34.710587,30.859262,30.859262466430664,26.477182229205205,-10.313709,-10.313709259033203,False,312,342,1.7215661999071017
1,2026-04-11,SABADO,24,29.3665,21.520193,21.520193099975586,22.318430617900678,5.7508774,5.750877380371094,False,403,433,2.186028299969621
1,2026-04-12,DOMINGO,8,10.593963,6.16245,6.162449836730957,5.206088378093984,3.8492727,3.8492727279663086,False,369,399,2.0673334000166506
1,2026-04-13,LABORAL,27,30.31797,33.202522,33.20252227783203,29.51727219708768,-2.8169627,-2.816962718963623,False,375,405,2.1471848998917267
1,2026-04-14,LABORAL,26,30.33413,28.9072,28.90719985961914,30.64575437483254,1.4481283,1.448128342628479,False,339,369,1.9997538001043722
1,2026-04-15,LABORAL,26,30.083738,28.607445,28.607444763183594,32.36149078895692,5.4627047,5.462704658508301,False,337,367,1.8345221999334171
1,2026-04-16,LABORAL,25,33.928726,33.84555,33.845550537109375,36.54986815152658,-6.8621516,-6.862151622772217,False,364,394,2.486398799926974
1,2026-04-17,LABORAL,25,30.840216,29.763939,29.763938903808594,28.338652472415887,-4.001159,-4.001159191131592,False,532,562,2.9417953999945894
1,2026-04-18,SABADO,26,15.754183,13.933231,13.933231353759766,14.575443918013711,8.191053,8.19105339050293,False,480,510,2.6912513999268413
1,2026-04-19,DOMINGO,13,11.39251,13.698247,13.698246955871582,13.420439113947216,7.747765,7.747765064239502,False,652,682,3.671893800026737
1,2026-04-20,LABORAL,26,30.75104,30.286665,30.286664962768555,29.27204792030785,12.580932,12.580931663513184,False,688,718,3.6445115000242367
1,2026-04-21,LABORAL,27,40.316113,41.602768,41.60276794433594,43.71559291361028,6.9450603,6.9450602531433105,False,671,701,3.490223699947819
1,2026-04-22,LABORAL,24,27.986761,29.781776,29.781776428222656,30.871508113213267,-2.3435667,-2.343566656112671,False,618,648,3.315243100048974
1,2026-04-23,LABORAL,23,29.449461,25.952284,25.95228385925293,35.52599499945774,16.25902,16.25901985168457,False,543,573,2.8447978999465704
1,2026-04-24,LABORAL,25,29.19326,20.976181,20.976181030273438,23.1448442764384,-6.4923024,-6.492302417755127,False,442,472,2.3573618999216706
1,2026-04-25,SABADO,26,25.716282,24.965044,24.965044021606445,25.913436832395686,3.4822416,3.482241630554199,False,524,554,2.8024753000354394
1,2026-04-26,DOMINGO,9,8.893785,8.548546,8.548545837402344,12.516697061244138,3.347108,3.3471078872680664,False,544,574,3.0075277999276295
1,2026-04-27,LABORAL,27,33.964558,26.573683,26.57368278503418,32.01968555038508,2.4214025,2.4214024543762207,False,495,525,2.5747027000179514
1,2026-04-28,LABORAL,26,28.061106,31.329744,31.329744338989258,28.37027783941228,-6.6014423,-6.601442337036133,False,465,495,2.6631742999888957
1,2026-04-29,LABORAL,26,19.785728,18.876284,18.876283645629883,22.38960999279737,1.2332036,1.233203649520874,False,525,555,3.2096476999577135
1,2026-04-30,LABORAL,25,40.121113,40.560787,40.560787200927734,39.795056627500855,-11.709568,-11.70956802368164,False,446,476,2.5943817000370473
1,2026-05-01,FESTIVO,17,48.797485,12.840092,14.870588235294118,14.870588235294118,-4.0541916,-7.590196078431372,True,563,593,3.2493179999291897
1,2026-05-02,SABADO,26,29.254112,24.617113,24.61711311340332,24.76383240249574,-12.079766,-12.079766273498535,False,522,552,2.9150931000476703
1,2026-05-05,LABORAL,25,32.433987,33.98931,33.98931121826172,31.12877877122792,-8.599338,-8.599337577819824,False,528,558,2.8910238000098616
1,2026-05-06,LABORAL,25,35.691093,35.568428,35.56842803955078,36.39466711412611,16.929173,16.92917251586914,False,607,637,3.194293100037612
1,2026-05-07,LABORAL,27,24.680168,23.769604,23.769603729248047,25.283474574089155,-3.6982129,-3.6982128620147705,False,481,511,2.7307362999999896
1,2026-05-08,LABORAL,26,33.44711,32.870255,32.87025451660156,33.12883014513071,7.07993,7.079929828643799,False,519,549,2.803598399972543
1,2026-05-09,SABADO,25,29.441582,24.949297,24.949296951293945,27.55981650433637,-1.1290222,-1.129022240638733,False,609,639,3.4015380000928417
1,2026-05-10,DOMINGO,10,11.111687,20.79017,20.790170669555664,12.780462662337662,18.04774,18.047740936279297,False,25,55,0.3990666000172496
1,2026-05-11,LABORAL,26,34.46243,31.90673,31.90673065185547,35.204555229488626,14.826048,14.826047897338867,False,581,611,3.4053702000528574
1,2026-05-12,LABORAL,26,25.158312,21.718584,21.718584060668945,25.308559648517228,-1.1601363,-1.160136342048645,False,618,648,3.6589341999497265
1,2026-05-13,LABORAL,26,34.874596,33.147987,33.147987365722656,36.02392663132433,-7.164688,-7.1646881103515625,False,590,620,3.368698599981144
1,2026-05-14,LABORAL,27,20.43615,18.615597,18.615596771240234,23.268067308176,3.0614035,3.061403512954712,False,594,624,3.3790881999302655
1,2026-05-15,LABORAL,26,29.88275,32.569607,32.56960678100586,27.823670431375735,-23.269876,-23.26987648010254,False,29,59,0.38530029996763915
1,2026-05-16,SABADO,25,37.68446,33.599197,33.59919738769531,27.6640099738253,-0.70149934,-0.701499342918396,False,31,61,0.5951772999251261
1,2026-05-17,DOMINGO,8,19.589928,10.649182,10.649182319641113,10.794308483425489,1.3210058,1.3210058212280273,False,31,61,0.5603415999794379
1,2026-05-18,FESTIVO_PUENTE,13,36.456066,54.993965,10.925641025641026,10.925641025641026,54.993965,1.4641025641025638,True,31,61,0.6980134999612346
1,2026-05-19,LABORAL,26,30.375868,28.093319,28.093318939208984,26.852016328932546,4.3059015,4.305901527404785,False,552,582,3.1620272001018748
1,2026-05-20,LABORAL,26,34.88229,33.835297,33.835296630859375,36.138423686755814,4.0216007,4.021600723266602,False,496,526,2.7140377000905573
1,2026-05-23,SABADO,23,23.34211,24.626507,24.626506805419922,25.02914239900756,-2.3075376,-2.30753755569458,False,596,626,3.45537790004164
1,2026-05-24,DOMINGO,12,9.460841,7.5922832,7.592283248901367,9.549859757107892,0.9918308,0.9918308258056641,False,595,625,3.2242423000279814
1,2026-05-25,LABORAL,27,32.90151,37.571815,37.571815490722656,29.27145758202059,16.83072,16.830720901489258,False,141,171,1.1081154000712559
1,2026-05-26,LABORAL,26,31.05472,29.810555,29.81055450439453,29.308861547543096,0.5989233,0.5989233255386353,False,135,165,1.044619399937801
1,2026-05-27,LABORAL,25,32.349247,37.418114,37.418113708496094,33.59228896893959,3.0525858,3.0525858402252197,False,130,160,0.9031725999666378
1,2026-05-28,LABORAL,26,31.353367,32.77012,32.770118713378906,31.334095524872588,6.5804973,6.5804972648620605,False,130,160,0.9591713000554591
1,2026-05-29,LABORAL,26,23.714674,29.749596,29.749595642089844,25.609965978672708,-3.749106,-3.749105930328369,False,135,165,0.9569837000453845
1,2026-05-30,SABADO,23,23.561708,23.197416,23.197416305541992,27.19124626788024,0.707382,0.7073820233345032,False,127,157,0.9367671000072733
1,2026-05-31,DOMINGO,9,16.925205,18.263227,18.263227462768555,16.796209063351505,-10.315968,-10.315967559814453,False,126,156,0.9895480000413954
1,2026-06-01,LABORAL,25,35.09119,31.512785,31.512784957885742,33.937941436081516,-0.087522276,-0.08752227574586868,False,618,648,3.5077272000489756
1,2026-06-02,LABORAL,26,30.717192,30.493101,30.493101119995117,31.685767627165966,-5.7536387,-5.753638744354248,False,682,712,3.9384859000565484
1,2026-06-03,LABORAL,25,25.694233,22.525497,22.525497436523438,28.251820208878677,-5.639552,-5.639552116394043,False,642,672,3.3969956999644637
1,2026-06-04,LABORAL,26,25.812368,27.58236,27.582359313964844,30.168362557341215,16.60916,16.609159469604492,False,708,738,3.766718899947591
1,2026-06-05,LABORAL,26,24.941547,28.473324,28.473323822021484,30.284882687237108,6.5193,6.5192999839782715,False,596,626,3.1676104000071064
1,2026-06-06,SABADO,21,23.44067,26.333206,26.333206176757812,25.26201611943975,-8.580688,-8.5806884765625,False,701,731,3.6497187999775633
1,2026-06-07,DOMINGO,17,43.463863,22.28536,22.28536033630371,10.75474385023854,20.179674,20.17967414855957,False,28,58,0.3470729000400752
1,2026-06-08,FESTIVO_PUENTE,8,60.647903,10.5144615,14.826984126984126,14.826984126984126,3.809576,7.104761904761904,True,619,649,3.191175299929455
1,2026-06-09,LABORAL,25,31.748253,27.663393,27.663393020629883,29.03419461461897,5.447153,5.447153091430664,False,479,509,3.201051100040786
1,2026-06-10,LABORAL,24,40.52643,36.153946,36.15394592285156,45.74492410841733,16.818792,16.81879234313965,False,500,530,2.626345800003037
3,2026-04-02,FESTIVO,19,15.055499,14.133054,13.672305764411027,13.672305764411027,-8.516051,2.113408521303258,True,805,835,4.377523700008169
3,2026-04-03,FESTIVO,11,11.681255,9.114933,12.960930735930736,12.960930735930736,6.070975,11.892748917748918,True,764,794,4.105384599999525
3,2026-04-04,SABADO,23,46.749256,34.92982,34.9298210144043,47.07349304062829,31.490215,31.490215301513672,False,630,660,3.319892300060019
3,2026-04-05,DOMINGO,11,21.820124,12.0493355,12.049335479736328,9.157055259368201,12.0493355,12.049335479736328,False,701,731,3.702625500038266
3,2026-04-06,LABORAL,27,33.804455,38.601498,38.601497650146484,31.358159050871656,-1.8740814,-1.8740813732147217,False,361,391,2.057258000015281
3,2026-04-07,LABORAL,26,36.43485,49.4806,49.48059844970703,35.93718220798784,-20.018818,-20.018817901611328,False,507,537,2.6416475999867544
3,2026-04-08,LABORAL,27,33.852215,43.67648,43.67647933959961,35.12255342652251,-0.3579514,-0.35795140266418457,False,322,352,1.8809941000072286
3,2026-04-09,LABORAL,27,36.621845,51.60125,51.60124969482422,38.76949037268023,0.17685388,0.17685388028621674,False,288,318,1.6358217999804765
3,2026-04-10,LABORAL,27,37.4131,43.56779,43.56779098510742,38.99581532603669,-2.5516622,-2.5516622066497803,False,469,499,2.720332600059919
3,2026-04-11,SABADO,24,25.47849,33.63239,33.632389068603516,26.82823146408754,-6.570373,-6.570373058319092,False,357,387,1.9644760999362916
3,2026-04-12,DOMINGO,8,5.147317,4.8784256,4.878425598144531,8.112272095753216,1.841032,1.8410320281982422,False,652,682,3.321007400052622
3,2026-04-13,LABORAL,27,45.59831,44.706863,44.70686340332031,40.97946748586604,17.174246,17.174245834350586,False,696,726,3.554827700019814
3,2026-04-14,LABORAL,28,31.840466,41.256115,41.2561149597168,33.30192091454775,-5.186626,-5.186625957489014,False,660,690,3.670665299985558
3,2026-04-15,LABORAL,27,31.749111,35.40661,35.40660858154297,31.295134715254473,-2.0374575,-2.0374574661254883,False,504,534,2.7648872999707237
3,2026-04-16,LABORAL,27,29.555737,37.47172,37.47172164916992,33.19483699617301,2.6279294,2.627929449081421,False,537,567,3.5179701999295503
3,2026-04-17,LABORAL,26,31.007652,43.713535,43.71353530883789,29.883164427190103,-16.855595,-16.855594635009766,False,75,105,0.6448949999175966
3,2026-04-18,SABADO,25,24.410994,24.688805,24.688804626464844,25.009550497759964,8.232436,8.232436180114746,False,793,823,4.189586699940264
3,2026-04-19,DOMINGO,11,8.274553,7.9834075,7.983407497406006,9.451569344693816,-1.6713097,-1.6713097095489502,False,901,931,4.586405899957754
3,2026-04-20,LABORAL,27,34.101654,42.711044,42.71104431152344,34.211023253228554,22.490454,22.490453720092773,False,969,999,4.92767400003504
3,2026-04-21,LABORAL,27,30.188766,41.09578,41.09577941894531,29.938891885799826,-12.446998,-12.44699764251709,False,974,1004,4.8080746999476105
3,2026-04-22,LABORAL,27,41.11937,49.92618,49.92618179321289,43.42955614226212,21.347115,21.34711456298828,False,1298,1328,6.9178110000211746
3,2026-04-23,LABORAL,22,32.167206,35.060936,35.060935974121094,34.204356991359745,14.512696,14.512696266174316,False,841,871,4.266205299994908
3,2026-04-24,LABORAL,25,38.311634,49.4046,49.404598236083984,40.52254293329962,1.4981408,1.498140811920166,False,327,357,2.0459402999840677
3,2026-04-25,SABADO,23,26.535896,30.609905,30.609905242919922,22.270941022184644,-16.396093,-16.396093368530273,False,611,641,3.250173500040546
3,2026-04-26,DOMINGO,10,11.306238,5.8305254,5.8305253982543945,8.940696649032514,-1.9345719,-1.9345718622207642,False,891,921,4.817632999969646
3,2026-04-27,LABORAL,28,40.717113,43.624752,43.624752044677734,37.73395478308008,2.9399273,2.939927339553833,False,1031,1061,5.516343700001016
3,2026-04-28,LABORAL,27,32.52737,35.01056,35.01055908203125,32.89250342216741,8.217558,8.217557907104492,False,679,709,3.562962400028482
3,2026-04-29,LABORAL,26,36.7886,41.678024,41.67802429199219,38.45579847013027,-14.974176,-14.974176406860352,False,698,728,3.5427632000064477
3,2026-04-30,LABORAL,27,31.834587,42.105167,42.105167388916016,32.53816316166963,-8.736809,-8.736808776855469,False,541,571,2.895789800095372
3,2026-05-01,FESTIVO,18,53.960037,14.326328,13.726851851851855,13.726851851851855,-5.0944805,-5.502777777777779,True,1488,1518,7.26251389994286
3,2026-05-02,SABADO,26,26.13966,30.070263,30.070262908935547,28.706100243695463,-28.40866,-28.408660888671875,False,945,975,4.75820219994057
3,2026-05-03,DOMINGO,8,8.655828,7.5087957,7.508795738220215,9.498216363314054,3.9786615,3.97866153717041,False,766,796,3.984688900061883
3,2026-05-04,LABORAL,27,30.825523,39.035748,39.03574752807617,32.51473216677244,9.523543,9.523543357849121,False,923,953,4.850232600001618
3,2026-05-05,LABORAL,27,38.93014,45.725216,45.725215911865234,36.84110761270409,-3.244316,-3.2443161010742188,False,717,747,4.0055587000679225
3,2026-05-06,LABORAL,23,38.47261,42.868736,42.868736267089844,41.3838443156644,13.400697,13.400696754455566,False,779,809,4.827298899996094
3,2026-05-07,LABORAL,26,34.96722,41.912296,41.912296295166016,31.525225055110145,-10.595801,-10.59580135345459,False,924,954,4.548614599974826
3,2026-05-08,LABORAL,26,34.048084,41.480312,41.48031234741211,35.29257310243481,4.238762,4.238761901855469,False,888,918,4.446405799943022
3,2026-05-09,SABADO,25,23.750578,24.102009,24.102008819580078,18.453187140645927,-9.615081,-9.615080833435059,False,603,633,3.247266599908471
3,2026-05-10,DOMINGO,9,11.571231,12.357922,12.357921600341797,11.791659313569987,-9.47191,-9.47191047668457,False,878,908,4.5177108000498265
3,2026-05-11,LABORAL,26,46.5399,45.210247,45.21024703979492,47.18347560404149,2.0931075,2.0931074619293213,False,516,546,2.8262909000040963
3,2026-05-12,LABORAL,27,35.11834,47.438602,47.438602447509766,35.912429587678986,-10.889869,-10.88986873626709,False,618,648,3.2176307999761775
3,2026-05-13,LABORAL,26,40.26593,45.67667,45.67667007446289,41.03410321291711,4.300893,4.3008928298950195,False,648,678,3.370288099977188
3,2026-05-14,LABORAL,27,30.44796,31.683016,31.683015823364258,33.237583278798944,-4.9981995,-4.998199462890625,False,892,922,4.659288499969989
3,2026-05-15,LABORAL,27,29.827059,31.815844,31.81584358215332,30.266800458450728,5.433633,5.433632850646973,False,1484,1514,7.537697899970226
3,2026-05-16,SABADO,26,29.15468,32.11635,32.11634826660156,28.863561822198808,-7.7296786,-7.729678630828857,False,1027,1057,5.410786600084975
3,2026-05-17,DOMINGO,15,13.086971,10.462856,10.46285629272461,13.05347137754149,0.8305486,0.8305485844612122,False,896,926,4.526387000107206
3,2026-05-18,FESTIVO_PUENTE,13,57.598515,9.475807,7.357661782661784,7.357661782661784,0.10613838,1.0333638583638585,True,1394,1424,6.662525300052948
3,2026-05-19,LABORAL,27,32.952724,34.408173,34.408172607421875,30.444284232740593,-11.724413,-11.72441291809082,False,1099,1129,5.495869900099933
3,2026-05-20,LABORAL,27,30.782753,36.740005,36.74000549316406,31.137122572714944,0.14199378,0.14199377596378326,False,1090,1120,5.504603799898177
3,2026-05-23,SABADO,25,21.145603,25.485971,25.485971450805664,23.586043472444906,6.393645,6.3936448097229,False,802,832,4.106558899977244
3,2026-05-24,DOMINGO,11,15.485418,15.02078,15.020779609680176,15.988037720453525,-8.55407,-8.554070472717285,False,1209,1239,6.2552367999451235
3,2026-05-25,LABORAL,28,41.102875,46.433323,46.43332290649414,40.826967224547595,1.4928995,1.4928995370864868,False,795,825,4.142906600027345
3,2026-05-26,LABORAL,27,29.141737,37.5075,37.50749969482422,30.002598820571762,-6.483187,-6.483187198638916,False,1202,1232,7.067470200010575
3,2026-05-27,LABORAL,26,35.88471,35.238045,35.23804473876953,38.82747602818245,12.465715,12.465715408325195,False,978,1008,4.965094899991527
3,2026-05-28,LABORAL,27,31.666897,35.665085,35.66508483886719,34.396810105185104,-6.938285,-6.938284873962402,False,797,827,3.97069649992045
3,2026-05-29,LABORAL,27,34.591415,36.290874,36.29087448120117,36.77744593551078,-0.55325174,-0.5532517433166504,False,723,753,4.196020600036718
3,2026-05-30,SABADO,23,34.573204,30.864252,30.8642520904541,33.0992553974368,0.71698725,0.7169872522354126,False,812,842,4.107301900046878
3,2026-05-31,DOMINGO,9,8.687438,7.3349056,7.334905624389648,8.291752890817724,-5.3403397,-5.340339660644531,False,959,989,4.8894369000336155
3,2026-06-01,LABORAL,25,37.37133,37.66965,37.66965103149414,39.06425370357769,9.957142,9.957141876220703,False,783,813,3.998292400036007
3,2026-06-02,LABORAL,25,35.636967,39.357285,39.35728454589844,34.72483425889148,-9.420246,-9.420246124267578,False,692,722,3.502023300039582
3,2026-06-03,LABORAL,26,26.143526,29.662151,29.662151336669922,27.979463980985006,5.2570953,5.2570953369140625,False,678,708,3.594635699992068
3,2026-06-04,LABORAL,26,24.421246,31.118267,31.118267059326172,30.24903431198679,11.639942,11.639942169189453,False,721,751,3.7029862999916077
3,2026-06-05,LABORAL,25,23.492397,34.86719,34.867191314697266,28.531911822690816,11.596833,11.596833229064941,False,646,676,3.3612182000651956
3,2026-06-06,SABADO,24,20.789602,23.50264,23.502639770507812,18.279633147734884,-2.2375395,-2.237539529800415,False,563,593,2.856417200062424
3,2026-06-07,DOMINGO,18,11.704435,8.433556,8.433555603027344,10.746119578221702,1.724038,1.724038004875183,False,665,695,3.3245974999153987
3,2026-06-08,FESTIVO_PUENTE,9,26.520525,7.6795444,10.293430335097002,10.293430335097002,-0.09161801,4.960097001763668,True,678,708,3.3398552000289783
3,2026-06-09,LABORAL,26,29.557232,30.23508,30.23508071899414,31.31804227191931,-3.0544813,-3.054481267929077,False,612,642,3.2459762999787927
3,2026-06-10,LABORAL,22,36.599392,49.08584,49.085838317871094,42.5580072229313,20.462267,20.46226692199707,False,634,664,3.1490622999845073
