route,dia_op,tipo_dia,n,demanda_media,mae_sarima,sesgo_sarima,rango_pred_sarima,rango_real,mae_media,sesgo_media,celdas_sin_media,aic,segundos
1,2026-04-02,FESTIVO,15,28.666666666666668,69.87153778659977,69.87153778659977,25.24282332312734,54.0,47.48982778415614,40.02316111748948,8,45078.67060758172,25.440591700025834
1,2026-04-03,FESTIVO,8,21.0,14.041337343936792,9.299740617085945,36.650024096741674,19.0,6.4375,2.9375,0,44943.693331952105,23.745038700057194
1,2026-04-04,SABADO,22,56.36363636363637,45.81413202105802,-44.7448892301962,45.97604262752593,107.0,38.16031312231905,27.64633240606561,0,44746.305441659395,23.703962999978103
1,2026-04-05,DOMINGO,11,24.727272727272727,31.02260667911867,31.02260667911867,11.080125941475288,12.0,11.719003174518416,11.719003174518416,0,44709.352896443845,21.628202899941243
1,2026-04-06,LABORAL,28,121.78571428571429,100.25172798587651,-100.25172798587651,17.880580975764406,197.0,27.230476741188358,-2.105460091171709,0,44617.07049044874,9.054458700004034
1,2026-04-07,LABORAL,26,139.73076923076923,58.914166397495165,-58.914166397495165,37.7319345772772,129.0,25.56850589589872,-13.393689046081867,0,44657.73181354052,22.54468709998764
1,2026-04-08,LABORAL,26,126.11538461538461,37.345481460995316,16.45191374837368,28.101493664043204,178.0,26.932030166576528,0.17501768753015,0,44640.79990702677,24.042959699989296
1,2026-04-09,LABORAL,27,115.51851851851852,33.445145211189256,-14.799949259765024,36.99785221477296,173.0,28.24555072157266,7.328588852650002,0,44652.96338764469,20.689558599959128
1,2026-04-10,LABORAL,26,128.07692307692307,46.62919574994948,-43.99515347326323,25.946678236025733,155.0,26.19891770326715,-2.094688109331675,0,44668.549868045135,25.637954699923284
1,2026-04-11,SABADO,24,77.25,45.888912133252084,39.79790145362922,24.250851801747956,146.0,22.651496545502553,4.346123542901289,0,44682.71316051726,21.617783199995756
1,2026-04-12,DOMINGO,8,30.375,12.451511691738219,10.972521578493389,22.35564481351269,15.0,5.833735617452721,5.577422486139591,0,44676.65930014179,15.915246700053103
1,2026-04-13,LABORAL,27,118.03703703703704,91.8731595197084,-91.8731595197084,27.799155506008315,189.0,27.64199674580827,4.533110865370377,0,44555.09660510744,14.102667100029066
1,2026-04-14,LABORAL,26,122.0,36.38318779566258,-20.499028571993538,38.784517845864954,140.0,28.693860676948916,3.8504510562665653,0,44692.26224552168,19.87261880002916
1,2026-04-15,LABORAL,26,108.5,29.18273245943058,-8.88063346458709,29.95309686004289,178.0,28.996586570918126,17.239816068693074,0,44677.1728756439,22.83788609993644
1,2026-04-16,LABORAL,25,115.88,46.20865087376546,-32.97235113312624,32.43672845064334,173.0,36.044323471537375,11.831568650600735,0,44670.47336985055,19.732713400037028
1,2026-04-17,LABORAL,25,124.72,32.74425592345894,-10.262924516146986,30.79560473386364,136.0,28.156076579392085,0.5399333287033824,0,44655.19737519515,9.171609799959697
1,2026-04-18,SABADO,26,71.38461538461539,43.01024641542756,43.01024641542756,38.724238496874165,80.0,13.875878783980793,8.651669882514364,0,44631.59968621207,10.47354809998069
1,2026-04-19,DOMINGO,13,30.615384615384617,12.853169870755462,3.9688987077621074,11.44668779602058,46.0,12.567757995059786,5.5179411452429346,0,44614.05066232446,10.918265599990264
1,2026-04-20,LABORAL,26,121.15384615384616,96.59797575603781,-96.47947827105662,15.806778938682879,205.0,28.520249291706513,4.140960710412582,0,44498.29097496833,8.261059000040404
1,2026-04-21,LABORAL,27,117.22222222222223,48.05653639518616,-4.53537733940667,35.70117555869922,195.0,41.44278557152889,4.699878442347248,0,44507.782621524806,8.707532400032505
1,2026-04-22,LABORAL,24,117.45833333333333,35.958507073582815,-26.176397058265874,32.97018607804334,160.0,29.294742883379246,5.530641643709825,0,44534.92473497115,25.037982300040312
1,2026-04-23,LABORAL,23,99.08695652173913,24.283492751756462,0.3060189026990261,25.249553512493335,121.0,31.216694123522355,25.521371330373476,0,44517.037151740966,25.034060599980876
1,2026-04-24,LABORAL,25,120.68,52.63288285716479,-52.63288285716479,32.63635233501221,126.0,22.311042292249578,6.227352082281294,0,44477.881919434534,25.42284869996365
1,2026-04-25,SABADO,26,73.23076923076923,50.02723647465167,50.02723647465167,23.48981996104564,106.0,24.912680516250756,7.35561937226653,0,44453.62304113674,19.294017700012773
1,2026-04-26,DOMINGO,9,28.0,15.291145407156108,12.242538947934865,13.651159235850137,43.0,12.957705087289598,8.41664228535723,0,44470.964254263745,10.570851600030437
1,2026-04-27,LABORAL,27,111.0,89.90829027352571,-89.90829027352571,18.66151004499484,186.0,29.09462260298363,10.033348243224426,0,44385.395672984494,9.962099399999715
1,2026-04-28,LABORAL,26,125.84615384615384,42.83408263861642,-31.047062885639505,27.439868537151,174.0,29.443086219046968,-2.5683057855767006,0,44383.46916704851,7.2077757000224665
1,2026-04-29,LABORAL,26,118.76923076923077,23.65132747645043,-6.347765494408542,30.64327227983904,163.0,20.040834067155103,5.7809425519477164,0,44384.82922350656,9.600111200008541
1,2026-04-30,LABORAL,25,129.48,47.5760970637099,-26.803795623473658,24.208315925139587,188.0,40.216450871618825,-4.291239364071413,0,44368.93986363328,9.146578999934718
1,2026-05-01,FESTIVO,17,36.705882352941174,63.03168323557338,63.03168323557338,25.489692640381065,58.0,21.696558567456833,-5.577951236464735,1,44370.296920172805,19.573268400039524
1,2026-05-02,SABADO,26,73.07692307692308,41.73340848775775,-40.891769514707946,37.50669611700578,135.0,22.01768590662404,7.446177030884386,0,44265.28477362083,23.73383849998936
1,2026-05-04,LABORAL,27,119.29629629629629,94.16201352929411,-94.16201352929411,25.695526249987278,197.0,27.77215065171876,1.8719270720169459,0,44126.971242280546,9.84025849995669
1,2026-05-05,LABORAL,25,133.96,42.61639505142846,-30.52290804196341,26.83720844412089,193.0,32.78309342147156,-8.349945122871794,0,44204.450371371626,11.022200100007467
1,2026-05-06,LABORAL,25,107.6,37.432128912755935,10.724011199724043,28.10536686245895,168.0,34.51657263309987,14.778582251627206,0,44184.257727253236,8.232573000015691
1,2026-05-07,LABORAL,27,114.14814814814815,40.055578236269575,-31.97782275930982,24.827270447762032,196.0,22.899129333196658,6.580017395466332,0,44165.412588357554,8.540347800008021
1,2026-05-08,LABORAL,26,116.5,38.77347128127573,-30.407731655034766,34.80021006473892,204.0,33.58155325247345,7.361702119756365,0,44172.503152155274,15.708221000037156
1,2026-05-09,SABADO,25,75.8,36.332490302142716,21.024118919129798,29.463613550152374,130.0,27.128588342092694,4.526008313425705,0,44188.35111902163,23.383757499977946
1,2026-05-10,DOMINGO,10,37.2,14.21531137289739,0.5926636569183522,16.76197868388843,39.0,12.008475734791524,-1.5532580113385066,0,44183.02771403064,23.28236359998118
1,2026-05-11,LABORAL,26,105.57692307692308,75.59961085327588,-75.59961085327588,18.758838659757313,182.0,30.23442972742926,18.09557184673779,0,44100.55468253572,20.11079259996768
1,2026-05-12,LABORAL,26,116.46153846153847,31.773897748232905,-22.08911965454197,30.807514864317227,148.0,24.49751352683692,6.979246944933975,0,44106.565118061924,13.952668800018728
1,2026-05-13,LABORAL,26,116.11538461538461,40.1843777556276,-25.443176001307197,26.57729597766064,174.0,34.118081173713136,7.166538007069823,0,44082.35708929271,20.97299319994636
1,2026-05-14,LABORAL,27,110.18518518518519,28.39986199714533,-10.529998036699915,34.98124123574688,196.0,21.41270492710944,9.792013160963128,0,44087.045999566355,16.361672499915585
1,2026-05-15,LABORAL,26,121.03846153846153,46.86804545176718,-45.98325901689664,33.81485716531253,163.0,26.79269846601148,2.0203865742692426,0,44095.94402172709,7.7031532999826595
1,2026-05-16,SABADO,25,80.2,42.41988952484965,38.944208338954994,27.06052633016334,146.0,26.256848829431434,-0.4786588628762544,0,44087.78570368957,8.003359699971043
1,2026-05-17,DOMINGO,8,31.25,13.959834485167598,5.412728714478932,21.23461054895175,43.0,11.54289483736078,4.333803928269873,0,44101.32734358186,7.7075776000274345
1,2026-05-18,FESTIVO_PUENTE,13,28.615384615384617,12.775095507601804,1.7221325928501487,17.45940676973954,42.0,12.506410256410255,-2.8782051282051286,0,44000.386263831475,9.705583300092258
1,2026-05-19,LABORAL,26,127.07692307692308,107.81510723209394,-107.81510723209394,25.290646525225576,180.0,26.675089183212542,-4.098674664348097,0,43944.52345281135,7.615140700014308
1,2026-05-20,LABORAL,26,117.03846153846153,41.51628813883596,11.21678349798722,29.51780567971997,223.0,35.42537484885555,5.763531909662837,0,43948.18255679302,9.810031300061382
1,2026-05-22,LABORAL,26,108.42307692307692,30.02659180850327,-1.7709527133022849,34.63314000622525,162.0,29.242730189406505,14.21010362793379,0,43666.5672832487,9.042794699897058
1,2026-05-23,SABADO,23,79.95652173913044,33.01785359982675,16.549117400569227,23.263220570941115,124.0,25.205570999666406,1.120807779269917,0,43676.205405640576,8.784315500059165
1,2026-05-24,DOMINGO,12,27.583333333333332,22.438809828698027,22.438809828698027,22.440490539143788,34.0,11.441985994956196,9.178097106067307,0,43664.845365566514,9.05842770007439
1,2026-05-25,LABORAL,27,114.37037037037037,94.89378243820381,-94.89378243820381,21.477055078551636,181.0,27.916699276368917,4.855706154264679,0,43650.09912841914,10.636359500000253
1,2026-05-26,LABORAL,26,121.76923076923077,33.18815498137832,-19.50609966900266,32.30162072014696,164.0,28.787028279642747,0.5455297731641775,0,43668.472525095116,9.235297299921513
1,2026-05-27,LABORAL,25,116.16,36.866291619528944,-2.494937684499167,26.257293561657434,188.0,32.27381810833456,5.645191453943198,0,43651.729769094025,8.778045100043528
1,2026-05-28,LABORAL,26,112.3076923076923,35.85788462750388,-17.238800423524363,34.6676159857912,162.0,29.855196697513023,9.856578267090002,0,43635.82780077972,9.436985300038941
1,2026-05-29,LABORAL,26,114.88461538461539,34.31063291611892,-28.336476135436513,32.780109095174765,126.0,23.125947078077225,7.077126780727515,0,43633.45736345009,8.204276300035417
1,2026-05-30,SABADO,23,73.34782608695652,33.45030047394777,24.495433028633784,22.831336708890234,120.0,23.73085720517668,8.486940284038583,0,43640.21233272911,9.768069499987178
1,2026-05-31,DOMINGO,9,43.111111111111114,22.52450298517468,11.66321679269813,25.061977458960435,62.0,19.294281858587844,-5.760331241303892,0,43623.78006076398,7.956055900081992
1,2026-06-01,LABORAL,25,114.4,78.78063750563801,-78.78063750563801,20.2035779672288,143.0,31.283288637141077,9.46986006571251,0,43535.98801185966,8.860487599973567
1,2026-06-02,LABORAL,26,118.26923076923077,38.98131370377052,-10.872824443626541,26.192728418279174,162.0,30.772365445800922,3.2590288986657745,0,43513.70930517929,9.30027870007325
1,2026-06-03,LABORAL,25,113.84,29.221755285440896,-22.75637721456318,30.254250621738194,150.0,24.38010028887696,9.581154613083825,0,43493.09233887124,9.221286499989219
1,2026-06-04,LABORAL,26,103.57692307692308,30.176038267535798,7.097686211031218,24.129282049091827,142.0,27.794154501524698,17.53869839403239,0,43438.621554383106,9.215342700015754
1,2026-06-05,LABORAL,26,114.57692307692308,46.930873104223664,-40.26748125641777,17.694064386508558,249.0,27.006827176652315,6.2104250825682685,0,43421.6820098803,10.10668500000611
1,2026-06-06,SABADO,21,84.80952380952381,31.86822523537054,13.68984711335671,34.42446006849988,119.0,25.056898656898657,-4.450586080586079,0,43422.71675973994,10.802542999968864
1,2026-06-07,DOMINGO,17,29.647058823529413,40.298064593998504,40.298064593998504,21.550647196388248,52.0,10.355925852048458,4.899712588711089,0,43374.73478959352,10.047632899950258
1,2026-06-08,FESTIVO_PUENTE,8,24.625,5.7903674392354745,1.1544709273326252,15.159853422889622,38.0,15.59375,7.218749999999999,0,43353.18652528897,11.958131899940781
1,2026-06-09,LABORAL,25,114.64,98.89527330441945,-98.89527330441945,14.678720650297695,137.0,26.318823674276317,8.083542772171887,0,43298.78821796375,9.57156519999262
1,2026-06-10,LABORAL,24,91.83333333333333,35.665058195225555,22.508680494363265,25.51774066561336,130.0,42.339035197774606,31.52473781215369,0,43294.944778722565,11.603846600046381
3,2026-04-02,FESTIVO,19,31.0,60.18346979730087,60.18346979730087,66.16389390990008,51.0,61.93377202925699,47.354824660835945,10,48279.59072810126,11.725137699977495
3,2026-04-03,FESTIVO,11,21.818181818181817,19.315352890866524,-0.027063323078373648,40.85575049754476,34.0,10.515151515151514,8.212121212121211,0,48190.750616211386,10.475182299967855
3,2026-04-04,SABADO,23,60.17391304347826,38.60435731166468,-38.36829852099534,29.531137302766915,82.0,43.75151783943844,41.6991694317025,0,48012.782315283475,12.821769900037907
3,2026-04-05,DOMINGO,11,27.181818181818183,25.84382747955763,25.84382747955763,26.21116663820178,21.0,8.666173255865067,7.643445983137794,0,47955.805901596075,12.331848499947228
3,2026-04-06,LABORAL,27,146.85185185185185,125.95402177604876,-125.91481815732465,30.57138609531859,287.0,29.864274893669283,-1.4899831577425386,0,47861.37603623756,10.928558600018732
3,2026-04-07,LABORAL,26,163.5,55.595147479354054,-44.70343124173079,84.56108026364645,316.0,37.359920678252486,-14.080041790005563,0,47883.6797204289,11.325978999957442
3,2026-04-08,LABORAL,27,146.40740740740742,41.90257749679491,-9.74629903133177,108.94652059649329,295.0,33.22068594798877,-0.5851297915214348,0,47864.89481930843,10.629897899925709
3,2026-04-09,LABORAL,27,139.2962962962963,52.94209765637433,-37.754775114923554,109.84140938921757,310.0,35.43687471352355,6.502997919190216,0,47851.26920331993,9.516495399991982
3,2026-04-10,LABORAL,27,143.03703703703704,52.17002049671693,-41.01146695277854,106.17273640246373,379.0,35.605342317211246,2.614109089560961,0,47897.88070640791,12.745853699976578
3,2026-04-11,SABADO,24,98.04166666666667,33.84304181957612,7.010769822789008,124.35568122336572,214.0,26.61532603806059,-0.013947466212912355,0,47904.11214033648,17.180442399927415
3,2026-04-12,DOMINGO,8,28.375,36.41259146413977,36.06289121163306,81.74564791143739,17.0,7.602773268398268,7.602773268398268,0,47868.4667122848,10.453291300102137
3,2026-04-13,LABORAL,27,131.07407407407408,111.5689970346911,-111.06901739533272,44.77026319247676,269.0,38.514439448942824,14.481444805286314,0,47761.622361405396,10.05180990009103
3,2026-04-14,LABORAL,28,140.07142857142858,58.7858061959127,-37.46352455214009,81.39589862974883,352.0,31.218860049732232,1.3937835071423212,0,47893.43087961608,9.942271500010975
3,2026-04-15,LABORAL,27,134.66666666666666,51.368789793621964,-37.706518441669886,116.03153795916165,293.0,30.02139591305806,10.59211613163924,0,47905.49193857821,14.95012749999296
3,2026-04-16,LABORAL,27,130.37037037037038,44.48688254536592,-32.61469788336362,109.45262871647893,284.0,28.383345832805908,14.66075531511735,0,47901.231156622765,19.793177900020964
3,2026-04-17,LABORAL,26,145.0,46.678702162854286,-42.337664698200754,101.0989479232496,240.0,28.29939639198063,0.5535243963863002,0,47889.73925353645,27.598861299920827
3,2026-04-18,SABADO,25,83.96,43.96987176785923,30.357627864264035,99.76776621612835,196.0,22.346416000170688,12.641421128375818,0,47904.564327408065,29.28878679999616
3,2026-04-19,DOMINGO,11,31.636363636363637,34.45758536721129,24.985889662732085,69.52265027536815,29.0,8.170267911415165,1.9495468166531502,0,47864.289874416674,30.142399900010787
3,2026-04-20,LABORAL,27,135.85185185185185,121.21758846377789,-121.21758846377789,26.747863164443647,251.0,32.551231795366256,8.90459006152512,0,47760.6971097806,13.914941299939528
3,2026-04-21,LABORAL,27,147.92592592592592,56.50396591819381,-33.34085777882711,78.80616896489965,330.0,31.844276316756496,-4.881518353105973,0,47759.806944978016,26.98148570000194
3,2026-04-22,LABORAL,27,130.1851851851852,40.18875448447071,-20.847731445645664,112.34404365332891,483.0,37.895158274650676,14.197045426610341,0,47748.35617661476,26.414485799963586
3,2026-04-23,LABORAL,22,130.1818181818182,49.41549738301546,-33.91276532534211,150.61710912650346,256.0,30.291478060027842,19.914521432147534,0,47791.97838147223,20.185684299911372
3,2026-04-24,LABORAL,25,131.08,61.00853242748733,-39.13192992635401,88.33660373474933,290.0,39.99218988152529,17.4270488799244,0,47750.76453438679,43.099203400081024
3,2026-04-25,SABADO,23,96.30434782608695,36.82356861056172,-0.15823702167169126,77.31411785117044,181.0,20.59227398310574,2.878811717582983,0,47752.88088325261,26.976944699999876
3,2026-04-26,DOMINGO,10,30.8,39.44333850169872,39.44333850169872,61.99269298680609,25.0,7.6988853163483,4.137120610465947,0,47753.62991975897,27.932861299952492
3,2026-04-27,LABORAL,28,137.32142857142858,115.94666539061207,-115.94666539061207,43.46370361953308,371.0,33.73994331908481,2.582828956051034,0,47704.50946968881,28.48527009994723
3,2026-04-28,LABORAL,27,136.25925925925927,51.736071470492845,-38.92272187387363,109.78984488301626,324.0,30.053047414546,7.538555820617969,0,47738.50445536671,25.437291500042193
3,2026-04-29,LABORAL,26,149.84615384615384,47.439711851535144,-39.680733928585695,102.04302718603834,383.0,33.5521540180543,-2.662498787294245,0,47746.998501402704,27.99822219996713
3,2026-04-30,LABORAL,27,146.40740740740742,46.894796344034134,-28.30243628605868,134.8914934959173,322.0,32.321454458887864,-2.862374998263547,0,47760.96389234616,26.23974079999607
3,2026-05-01,FESTIVO,18,33.44444444444444,82.96572246729545,82.96572246729545,106.01838483434487,54.0,17.083333333333332,-8.935185185185185,0,47770.41294652228,28.84473359992262
3,2026-05-02,SABADO,26,81.76923076923077,63.42444547025228,-61.2314261912253,50.8258712349359,172.0,26.164813755744927,11.685774845936786,0,47676.636960209114,24.06569740001578
3,2026-05-03,DOMINGO,8,28.5,45.26083855285893,45.26083855285893,39.47410867353418,24.0,8.041991851565188,5.963866851565188,0,47679.478584375516,26.956571000046097
3,2026-05-04,LABORAL,27,141.85185185185185,119.42193850840368,-119.42193850840368,28.620000662672155,276.0,28.60189475558244,1.6162347361532443,0,47501.84056059244,25.383234100067057
3,2026-05-05,LABORAL,27,140.77777777777777,50.12014563819724,-20.69336782417742,81.05557023330496,255.0,37.81204652322209,2.67908763552086,0,47591.5737930975,25.000700799981132
3,2026-05-06,LABORAL,23,124.21739130434783,39.79642729969783,-7.5267308959799655,89.36619597924128,239.0,36.72034492383948,24.365341154455336,0,47606.14895650281,29.389034899999388
3,2026-05-07,LABORAL,26,142.46153846153845,74.50115626065951,-53.035703635611554,81.79260843955649,252.0,31.09111304061182,3.8924437737298825,0,47541.16170940532,19.306300099939108
3,2026-05-08,LABORAL,26,136.73076923076923,45.59417338494981,-21.14098535504194,67.0273045790539,297.0,31.328928567868154,9.492588892175036,0,47573.43266787819,10.89187839999795
3,2026-05-09,SABADO,25,91.72,34.104298701702625,14.025853365433647,95.28035733635043,184.0,17.97854540547172,0.6068018157281321,0,47575.0530420352,11.406136099947616
3,2026-05-10,DOMINGO,9,36.0,26.087104762373446,23.088360342257616,68.67200740673312,49.0,11.680584035847193,-2.900132461277972,0,47531.51335729129,13.624644399969839
3,2026-05-11,LABORAL,26,135.73076923076923,114.99255884435078,-114.69973636580471,32.41016538663272,275.0,44.327964367445695,10.20938602423809,0,47440.40617479619,12.218353000003844
3,2026-05-12,LABORAL,27,145.25925925925927,60.40721007183474,-39.20620538044659,78.19862112641118,326.0,35.775514201995534,-3.023807105383424,0,47471.203866438096,11.070317000034265
3,2026-05-13,LABORAL,26,138.6153846153846,50.02449393959504,-22.257223668146544,102.04111049251945,300.0,40.577242282580315,7.046052327951525,0,47474.67179616807,12.257553600007668
3,2026-05-14,LABORAL,27,134.88888888888889,41.49023654008983,-25.727499086800623,94.31882970428718,284.0,30.822459241739633,7.181086337695171,0,47464.67665408901,10.987551900092512
3,2026-05-15,LABORAL,27,140.11111111111111,47.35059422051008,-33.410635523498065,95.9108583886919,252.0,28.436889125671502,1.946495284831046,0,47471.767374719995,11.56429000000935
3,2026-05-16,SABADO,26,92.8076923076923,42.563133705960254,15.440474089977604,95.95393064213022,213.0,26.845178910158666,-1.4401465336283148,0,47486.144417253076,11.234510899987072
3,2026-05-17,DOMINGO,15,31.666666666666668,78.87219605436431,77.5782408365585,139.780259477217,52.0,12.333834442704413,2.099509250639281,0,47536.53516851473,9.517412299988791
3,2026-05-18,FESTIVO_PUENTE,13,28.923076923076923,16.06305665999563,-13.518569824390188,29.641082630361574,34.0,8.038461538461538,-0.7051282051282055,0,47435.97383612337,11.360291999997571
3,2026-05-19,LABORAL,27,148.74074074074073,129.45400553300493,-129.45400553300493,19.40780281407922,268.0,31.597322496292115,-6.779533372970375,0,47335.70664180544,10.298072000034153
3,2026-05-20,LABORAL,27,137.85185185185185,47.411463241762306,-13.543638063152605,90.9678562804462,273.0,29.375895700938255,3.933993413199733,0,47336.416598651216,10.971604999969713
3,2026-05-22,LABORAL,26,125.73076923076923,40.48997438296015,-24.654290190053228,90.65445240303683,268.0,34.41997013254792,16.15673267238829,0,47043.30294933847,10.525902299908921
3,2026-05-23,SABADO,25,86.72,39.958265202862194,17.415322013898304,163.36711114277574,222.0,22.525577176446735,6.544346407215969,0,47060.6626628473,9.930990299908444
3,2026-05-24,DOMINGO,11,34.90909090909091,76.76145558690318,67.34494867171101,147.88050048010513,69.0,16.272005716162063,-1.4416115489257906,0,47059.48898382847,10.732566099963151
3,2026-05-25,LABORAL,28,139.32142857142858,123.60159707063976,-123.60159707063976,29.632252353277487,277.0,39.319018778553996,-1.9521775913155672,0,46988.56726905363,12.653990099905059
3,2026-05-26,LABORAL,27,145.66666666666666,89.86668865031574,-86.62783927213498,100.43603697862079,315.0,28.307499176800658,-4.515887947057081,0,47061.54448296459,7.2066371999681
3,2026-05-27,LABORAL,26,125.57692307692308,35.0485120027968,-13.785159236751667,93.76022856569924,219.0,35.25181065924757,18.934833568541663,0,47074.10076401595,10.30618620000314
3,2026-05-28,LABORAL,27,133.1851851851852,48.167113927257546,-35.99042312981932,89.05160965174815,293.0,31.21448827271493,7.592655646926552,0,47062.86120356078,10.214716999907978
3,2026-05-29,LABORAL,27,135.74074074074073,51.89665576775405,-34.61295725047099,117.86922284198192,298.0,35.586571493600886,4.860727698399075,0,47069.24956194482,10.107698100036941
3,2026-05-30,SABADO,23,90.52173913043478,41.259656350428955,15.500867372788786,108.89753460933213,192.0,32.820841848762456,7.279972283545063,0,47044.72061717359,11.036860599997453
3,2026-05-31,DOMINGO,9,33.55555555555556,57.499454590008476,57.499454590008476,132.73094067896477,38.0,9.122301887616645,0.7314350145516298,0,47010.70575760058,9.725308299995959
3,2026-06-01,LABORAL,25,125.92,65.15016417615944,-50.10165492775941,100.83561845304921,194.0,32.79793660032911,19.4127620044586,0,46970.57650027785,10.827369599952362
3,2026-06-02,LABORAL,25,144.8,60.01007199092735,-44.34032229330112,68.99861523936748,221.0,34.87291056861834,2.4795016823135914,0,46940.6231679051,12.072931200033054
3,2026-06-03,LABORAL,26,131.73076923076923,59.14278940616809,-53.65763859717639,88.9249999185084,282.0,26.32968887951271,11.560211184967715,0,46938.61563678883,7.554344500065781
3,2026-06-04,LABORAL,26,127.65384615384616,41.17577584452642,-23.342970141235106,93.36759638892781,235.0,24.67468417554796,15.422417014881002,0,46926.47447570271,10.500846300041303
3,2026-06-05,LABORAL,25,134.36,46.0057640763372,-28.350160434069515,124.43278149721758,288.0,23.30469698676275,12.383921322513029,0,46907.04238071768,9.809609099989757
3,2026-06-06,SABADO,24,93.04166666666667,37.33257352736485,11.644207085866507,118.86200722934127,183.0,19.645440589000373,1.3662205035302861,0,46859.149061903074,11.76132950000465
3,2026-06-07,DOMINGO,18,28.0,78.31450926310127,78.31450926310127,105.71913646726236,40.0,9.56179544932383,5.383872428263553,0,46828.806280300574,11.36482509993948
3,2026-06-08,FESTIVO_PUENTE,9,27.444444444444443,12.352999845151723,-10.407073218707628,12.2095644360879,27.0,20.7164814382038,9.697962919685285,1,46788.20395516082,10.997209000051953
3,2026-06-09,LABORAL,26,141.84615384615384,125.99787496604812,-125.99787496604812,23.615825491291456,298.0,29.817167198777188,0.862975878515363,0,46761.07813243053,11.581392499967478
3,2026-06-10,LABORAL,22,122.31818181818181,56.76534931095514,-25.774759462138658,77.59891732621769,273.0,39.123371279490414,27.65584034747793,0,46792.484933288535,11.062761000008322
