split,fold,train_start,train_end,eval_start,eval_end,run_id,config
validation,1,2024-04-16 04:00:00,2024-10-15 04:00:00,2024-10-15 04:00:00,2024-10-29 04:00:00,baselines_full_20260718,"{'test_weeks': 10, 'validation_weeks': 2, 'step_weeks': 2, 'min_train_weeks': 26}"
validation,2,2024-04-16 04:00:00,2024-10-29 04:00:00,2024-10-29 04:00:00,2024-11-12 04:00:00,baselines_full_20260718,"{'test_weeks': 10, 'validation_weeks': 2, 'step_weeks': 2, 'min_train_weeks': 26}"
validation,3,2024-04-16 04:00:00,2024-11-12 04:00:00,2024-11-12 04:00:00,2024-11-26 04:00:00,baselines_full_20260718,"{'test_weeks': 10, 'validation_weeks': 2, 'step_weeks': 2, 'min_train_weeks': 26}"
validation,4,2024-04-16 04:00:00,2024-11-26 04:00:00,2024-11-26 04:00:00,2024-12-10 04:00:00,baselines_full_20260718,"{'test_weeks': 10, 'validation_weeks': 2, 'step_weeks': 2, 'min_train_weeks': 26}"
validation,5,2024-04-16 04:00:00,2024-12-10 04:00:00,2024-12-10 04:00:00,2024-12-24 04:00:00,baselines_full_20260718,"{'test_weeks': 10, 'validation_weeks': 2, 'step_weeks': 2, 'min_train_weeks': 26}"
validation,6,2024-04-16 04:00:00,2024-12-24 04:00:00,2024-12-24 04:00:00,2025-01-07 04:00:00,baselines_full_20260718,"{'test_weeks': 10, 'validation_weeks': 2, 'step_weeks': 2, 'min_train_weeks': 26}"
validation,7,2024-04-16 04:00:00,2025-01-07 04:00:00,2025-01-07 04:00:00,2025-01-21 04:00:00,baselines_full_20260718,"{'test_weeks': 10, 'validation_weeks': 2, 'step_weeks': 2, 'min_train_weeks': 26}"
validation,8,2024-04-16 04:00:00,2025-01-21 04:00:00,2025-01-21 04:00:00,2025-02-04 04:00:00,baselines_full_20260718,"{'test_weeks': 10, 'validation_weeks': 2, 'step_weeks': 2, 'min_train_weeks': 26}"
validation,9,2024-04-16 04:00:00,2025-02-04 04:00:00,2025-02-04 04:00:00,2025-02-18 04:00:00,baselines_full_20260718,"{'test_weeks': 10, 'validation_weeks': 2, 'step_weeks': 2, 'min_train_weeks': 26}"
validation,10,2024-04-16 04:00:00,2025-02-18 04:00:00,2025-02-18 04:00:00,2025-03-04 04:00:00,baselines_full_20260718,"{'test_weeks': 10, 'validation_weeks': 2, 'step_weeks': 2, 'min_train_weeks': 26}"
validation,11,2024-04-16 04:00:00,2025-03-04 04:00:00,2025-03-04 04:00:00,2025-03-18 04:00:00,baselines_full_20260718,"{'test_weeks': 10, 'validation_weeks': 2, 'step_weeks': 2, 'min_train_weeks': 26}"
validation,12,2024-04-16 04:00:00,2025-03-18 04:00:00,2025-03-18 04:00:00,2025-04-01 04:00:00,baselines_full_20260718,"{'test_weeks': 10, 'validation_weeks': 2, 'step_weeks': 2, 'min_train_weeks': 26}"
validation,13,2024-04-16 04:00:00,2025-04-01 04:00:00,2025-04-01 04:00:00,2025-04-15 04:00:00,baselines_full_20260718,"{'test_weeks': 10, 'validation_weeks': 2, 'step_weeks': 2, 'min_train_weeks': 26}"
validation,14,2024-04-16 04:00:00,2025-04-15 04:00:00,2025-04-15 04:00:00,2025-04-29 04:00:00,baselines_full_20260718,"{'test_weeks': 10, 'validation_weeks': 2, 'step_weeks': 2, 'min_train_weeks': 26}"
validation,15,2024-04-16 04:00:00,2025-04-29 04:00:00,2025-04-29 04:00:00,2025-05-13 04:00:00,baselines_full_20260718,"{'test_weeks': 10, 'validation_weeks': 2, 'step_weeks': 2, 'min_train_weeks': 26}"
validation,16,2024-04-16 04:00:00,2025-05-13 04:00:00,2025-05-13 04:00:00,2025-05-27 04:00:00,baselines_full_20260718,"{'test_weeks': 10, 'validation_weeks': 2, 'step_weeks': 2, 'min_train_weeks': 26}"
validation,17,2024-04-16 04:00:00,2025-05-27 04:00:00,2025-05-27 04:00:00,2025-06-10 04:00:00,baselines_full_20260718,"{'test_weeks': 10, 'validation_weeks': 2, 'step_weeks': 2, 'min_train_weeks': 26}"
validation,18,2024-04-16 04:00:00,2025-06-10 04:00:00,2025-06-10 04:00:00,2025-06-24 04:00:00,baselines_full_20260718,"{'test_weeks': 10, 'validation_weeks': 2, 'step_weeks': 2, 'min_train_weeks': 26}"
validation,19,2024-04-16 04:00:00,2025-06-24 04:00:00,2025-06-24 04:00:00,2025-07-08 04:00:00,baselines_full_20260718,"{'test_weeks': 10, 'validation_weeks': 2, 'step_weeks': 2, 'min_train_weeks': 26}"
validation,20,2024-04-16 04:00:00,2025-07-08 04:00:00,2025-07-08 04:00:00,2025-07-22 04:00:00,baselines_full_20260718,"{'test_weeks': 10, 'validation_weeks': 2, 'step_weeks': 2, 'min_train_weeks': 26}"
validation,21,2024-04-16 04:00:00,2025-07-22 04:00:00,2025-07-22 04:00:00,2025-08-05 04:00:00,baselines_full_20260718,"{'test_weeks': 10, 'validation_weeks': 2, 'step_weeks': 2, 'min_train_weeks': 26}"
validation,22,2024-04-16 04:00:00,2025-08-05 04:00:00,2025-08-05 04:00:00,2025-08-19 04:00:00,baselines_full_20260718,"{'test_weeks': 10, 'validation_weeks': 2, 'step_weeks': 2, 'min_train_weeks': 26}"
validation,23,2024-04-16 04:00:00,2025-08-19 04:00:00,2025-08-19 04:00:00,2025-09-02 04:00:00,baselines_full_20260718,"{'test_weeks': 10, 'validation_weeks': 2, 'step_weeks': 2, 'min_train_weeks': 26}"
validation,24,2024-04-16 04:00:00,2025-09-02 04:00:00,2025-09-02 04:00:00,2025-09-16 04:00:00,baselines_full_20260718,"{'test_weeks': 10, 'validation_weeks': 2, 'step_weeks': 2, 'min_train_weeks': 26}"
validation,25,2024-04-16 04:00:00,2025-09-16 04:00:00,2025-09-16 04:00:00,2025-09-30 04:00:00,baselines_full_20260718,"{'test_weeks': 10, 'validation_weeks': 2, 'step_weeks': 2, 'min_train_weeks': 26}"
validation,26,2024-04-16 04:00:00,2025-09-30 04:00:00,2025-09-30 04:00:00,2025-10-14 04:00:00,baselines_full_20260718,"{'test_weeks': 10, 'validation_weeks': 2, 'step_weeks': 2, 'min_train_weeks': 26}"
validation,27,2024-04-16 04:00:00,2025-10-14 04:00:00,2025-10-14 04:00:00,2025-10-28 04:00:00,baselines_full_20260718,"{'test_weeks': 10, 'validation_weeks': 2, 'step_weeks': 2, 'min_train_weeks': 26}"
validation,28,2024-04-16 04:00:00,2025-10-28 04:00:00,2025-10-28 04:00:00,2025-11-11 04:00:00,baselines_full_20260718,"{'test_weeks': 10, 'validation_weeks': 2, 'step_weeks': 2, 'min_train_weeks': 26}"
validation,29,2024-04-16 04:00:00,2025-11-11 04:00:00,2025-11-11 04:00:00,2025-11-25 04:00:00,baselines_full_20260718,"{'test_weeks': 10, 'validation_weeks': 2, 'step_weeks': 2, 'min_train_weeks': 26}"
validation,30,2024-04-16 04:00:00,2025-11-25 04:00:00,2025-11-25 04:00:00,2025-12-09 04:00:00,baselines_full_20260718,"{'test_weeks': 10, 'validation_weeks': 2, 'step_weeks': 2, 'min_train_weeks': 26}"
validation,31,2024-04-16 04:00:00,2025-12-09 04:00:00,2025-12-09 04:00:00,2025-12-23 04:00:00,baselines_full_20260718,"{'test_weeks': 10, 'validation_weeks': 2, 'step_weeks': 2, 'min_train_weeks': 26}"
validation,32,2024-04-16 04:00:00,2025-12-23 04:00:00,2025-12-23 04:00:00,2026-01-06 04:00:00,baselines_full_20260718,"{'test_weeks': 10, 'validation_weeks': 2, 'step_weeks': 2, 'min_train_weeks': 26}"
validation,33,2024-04-16 04:00:00,2026-01-06 04:00:00,2026-01-06 04:00:00,2026-01-20 04:00:00,baselines_full_20260718,"{'test_weeks': 10, 'validation_weeks': 2, 'step_weeks': 2, 'min_train_weeks': 26}"
validation,34,2024-04-16 04:00:00,2026-01-20 04:00:00,2026-01-20 04:00:00,2026-02-03 04:00:00,baselines_full_20260718,"{'test_weeks': 10, 'validation_weeks': 2, 'step_weeks': 2, 'min_train_weeks': 26}"
validation,35,2024-04-16 04:00:00,2026-02-03 04:00:00,2026-02-03 04:00:00,2026-02-17 04:00:00,baselines_full_20260718,"{'test_weeks': 10, 'validation_weeks': 2, 'step_weeks': 2, 'min_train_weeks': 26}"
validation,36,2024-04-16 04:00:00,2026-02-17 04:00:00,2026-02-17 04:00:00,2026-03-03 04:00:00,baselines_full_20260718,"{'test_weeks': 10, 'validation_weeks': 2, 'step_weeks': 2, 'min_train_weeks': 26}"
validation,37,2024-04-16 04:00:00,2026-03-03 04:00:00,2026-03-03 04:00:00,2026-03-17 04:00:00,baselines_full_20260718,"{'test_weeks': 10, 'validation_weeks': 2, 'step_weeks': 2, 'min_train_weeks': 26}"
validation,38,2024-04-16 04:00:00,2026-03-17 04:00:00,2026-03-17 04:00:00,2026-03-31 04:00:00,baselines_full_20260718,"{'test_weeks': 10, 'validation_weeks': 2, 'step_weeks': 2, 'min_train_weeks': 26}"
test_final,test_final,2024-04-16 04:00:00,2026-04-01 16:00:00,2026-04-01 16:00:00,2026-06-10 16:30:00,baselines_full_20260718,"{'test_weeks': 10, 'validation_weeks': 2, 'step_weeks': 2, 'min_train_weeks': 26}"
