split,fold,model,route,dataset_version,run_id,n,n_total,missing_y,missing_pred,mae,rmse,smape,wape,bias_mean
test_final,test_final,historical_average_route_day_type_slot,1,freeze_20260610_192142,baselines_full_20260718,1544,1919,375,0,36.08155289201961,45.14642854514956,35.928661613421546,35.6844935659426,27.860430263644606
test_final,test_final,historical_average_route_day_type_slot,3,freeze_20260610_192142,baselines_full_20260718,1583,1976,393,0,38.41392300748946,49.95711813433539,34.15008638549418,32.5810330694684,27.098396409169226
test_final,test_final,naive,1,freeze_20260610_192142,baselines_full_20260718,1394,1919,375,367,43.559540889526545,55.86714359211537,42.671533603332776,41.19818169482326,1.2467718794835008
test_final,test_final,naive,3,freeze_20260610_192142,baselines_full_20260718,1443,1976,393,394,55.27927927927928,73.23090244401658,46.05788429960849,44.31407841960823,0.2993762993762994
test_final,test_final,seasonal_naive_daily,1,freeze_20260610_192142,baselines_full_20260718,1292,1919,375,389,47.5046439628483,60.91696119301021,50.795983920553475,46.85047784800464,4.766253869969041
test_final,test_final,seasonal_naive_daily,3,freeze_20260610_192142,baselines_full_20260718,1336,1976,393,404,53.0688622754491,68.10230284428428,51.101172669171326,45.500635340324216,6.3517964071856285
test_final,test_final,seasonal_naive_weekly,1,freeze_20260610_192142,baselines_full_20260718,1381,1919,375,360,42.84576393917451,55.66610659643876,44.93894041643276,41.290421627053355,1.5177407675597394
test_final,test_final,seasonal_naive_weekly,3,freeze_20260610_192142,baselines_full_20260718,1423,1976,393,378,47.45115952213633,62.551505130548044,44.09546258815199,39.22950448225978,1.545326774420239
validation,1,historical_average_route_day_type_slot,1,freeze_20260610_192142,baselines_full_20260718,361,386,25,0,28.02238423884812,36.48322326097036,21.185448728632807,19.18795301724962,1.321487772911022
validation,1,historical_average_route_day_type_slot,3,freeze_20260610_192142,baselines_full_20260718,373,398,25,0,31.688272057207616,41.256361103386226,25.086187624222138,20.291722565775277,-0.17117189993373766
validation,1,naive,1,freeze_20260610_192142,baselines_full_20260718,342,386,25,26,47.00877192982456,61.6619960298559,33.8530752055865,32.1347191684989,5.330409356725146
validation,1,naive,3,freeze_20260610_192142,baselines_full_20260718,351,398,25,28,57.623931623931625,75.08392265722031,40.51056943776583,35.38550359523435,0.19373219373219372
validation,1,seasonal_naive_daily,1,freeze_20260610_192142,baselines_full_20260718,338,386,25,34,66.31656804733728,86.27345749102456,55.40242177285886,45.391033169980965,-5.665680473372781
validation,1,seasonal_naive_daily,3,freeze_20260610_192142,baselines_full_20260718,344,398,25,37,75.63953488372093,100.82375827431815,58.952041060669124,47.596400087802735,-5.8604651162790695
validation,1,seasonal_naive_weekly,1,freeze_20260610_192142,baselines_full_20260718,343,386,25,32,44.160349854227405,59.05640432779734,34.97231694042768,29.74958263772955,-5.769679300291545
validation,1,seasonal_naive_weekly,3,freeze_20260610_192142,baselines_full_20260718,348,398,25,38,49.514367816091955,69.10368272036767,37.27783233497092,30.69400406142007,-10.232758620689655
validation,10,historical_average_route_day_type_slot,1,freeze_20260610_192142,baselines_full_20260718,360,386,26,0,30.913164214589447,40.613176313871215,25.8260018048465,24.108531265033687,14.676747857841328
validation,10,historical_average_route_day_type_slot,3,freeze_20260610_192142,baselines_full_20260718,374,398,24,0,35.64715640642427,48.26249743299082,26.816421567909643,24.824572192538273,9.104235934832275
validation,10,naive,1,freeze_20260610_192142,baselines_full_20260718,337,386,26,33,47.34421364985163,61.72262545113908,37.601839600384665,36.22184889211769,3.9376854599406528
validation,10,naive,3,freeze_20260610_192142,baselines_full_20260718,355,398,24,31,55.28169014084507,74.60738550459321,40.05820682988268,37.12496689493398,0.504225352112676
validation,10,seasonal_naive_daily,1,freeze_20260610_192142,baselines_full_20260718,335,386,26,29,57.829850746268654,74.43448486631335,49.46138843193337,44.85529057652234,3.011940298507463
validation,10,seasonal_naive_daily,3,freeze_20260610_192142,baselines_full_20260718,347,398,24,31,60.85878962536023,79.14266838851327,49.58244124138314,42.31300967761326,5.498559077809798
validation,10,seasonal_naive_weekly,1,freeze_20260610_192142,baselines_full_20260718,349,386,26,23,41.06303724928367,52.6850130655692,33.40410919633815,31.265817261541144,0.4040114613180516
validation,10,seasonal_naive_weekly,3,freeze_20260610_192142,baselines_full_20260718,362,398,24,24,44.469613259668506,58.94256967029022,32.917722531618,30.18733474600109,0.6022099447513812
validation,11,historical_average_route_day_type_slot,1,freeze_20260610_192142,baselines_full_20260718,364,386,22,0,30.654927083358846,39.71826008231573,26.409905201520306,24.402198828575283,14.904283540353156
validation,11,historical_average_route_day_type_slot,3,freeze_20260610_192142,baselines_full_20260718,369,398,29,0,36.45394251718313,50.94686634830384,26.87511505196364,25.534367480714838,11.012911839883099
validation,11,naive,1,freeze_20260610_192142,baselines_full_20260718,342,386,22,30,44.833333333333336,58.60261156186937,37.07143522212881,35.47581036995905,4.815789473684211
validation,11,naive,3,freeze_20260610_192142,baselines_full_20260718,348,398,29,31,55.34770114942529,75.07266594715945,40.66799737781603,37.31161132850335,0.6580459770114943
validation,11,seasonal_naive_daily,1,freeze_20260610_192142,baselines_full_20260718,339,386,22,27,54.985250737463126,70.05408782675667,50.41734847473241,43.36295538082166,1.392330383480826
validation,11,seasonal_naive_daily,3,freeze_20260610_192142,baselines_full_20260718,346,398,29,30,60.138728323699425,80.67357332811044,50.481748428534615,42.020234657404224,1.716763005780347
validation,11,seasonal_naive_weekly,1,freeze_20260610_192142,baselines_full_20260718,347,386,22,24,39.389048991354464,51.754352167713506,32.04976680528403,30.344337632928536,0.3919308357348703
validation,11,seasonal_naive_weekly,3,freeze_20260610_192142,baselines_full_20260718,358,398,29,22,41.60335195530726,57.05324377893271,31.50090288130339,28.5008993838264,-0.5810055865921788
validation,12,historical_average_route_day_type_slot,1,freeze_20260610_192142,baselines_full_20260718,351,383,32,0,28.022491766890045,37.214821606595514,26.50599279426152,23.23073833296742,13.860809410222013
validation,12,historical_average_route_day_type_slot,3,freeze_20260610_192142,baselines_full_20260718,354,396,42,0,35.64754639279332,49.25559520050253,29.22654243196699,26.512661350607893,11.613215181186213
validation,12,naive,1,freeze_20260610_192142,baselines_full_20260718,332,383,32,37,41.98795180722892,55.121825646930475,38.3114021982248,34.66971746916037,4.156626506024097
validation,12,naive,3,freeze_20260610_192142,baselines_full_20260718,332,396,42,44,52.34939759036145,69.1245601742037,41.17220929212177,37.72192559795112,2.1987951807228914
validation,12,seasonal_naive_daily,1,freeze_20260610_192142,baselines_full_20260718,322,383,32,33,54.82919254658385,70.5526762371464,51.80942005159351,45.57422752265159,5.1397515527950315
validation,12,seasonal_naive_daily,3,freeze_20260610_192142,baselines_full_20260718,327,396,42,41,54.9388379204893,71.38419547711085,49.239153826247524,41.42168730257546,8.247706422018348
validation,12,seasonal_naive_weekly,1,freeze_20260610_192142,baselines_full_20260718,334,383,32,28,47.18562874251497,65.3842168140235,43.97027089256324,38.437149407345984,-1.6047904191616766
validation,12,seasonal_naive_weekly,3,freeze_20260610_192142,baselines_full_20260718,333,396,42,34,50.81681681681682,70.5072994751556,42.557131869146524,37.00496402720375,3.069069069069069
validation,13,historical_average_route_day_type_slot,1,freeze_20260610_192142,baselines_full_20260718,366,386,20,0,31.55704351067642,42.52178681513657,27.51079314456216,25.438578783136727,15.196033724014182
validation,13,historical_average_route_day_type_slot,3,freeze_20260610_192142,baselines_full_20260718,373,398,25,0,32.25849538155499,42.94289882859679,23.93105752271179,22.23326147438055,6.603378391876462
validation,13,naive,1,freeze_20260610_192142,baselines_full_20260718,349,386,20,25,47.19484240687679,62.20100976709177,41.227751465738244,38.0445327297085,4.2206303724928365
validation,13,naive,3,freeze_20260610_192142,baselines_full_20260718,351,398,25,29,54.83475783475784,70.14703726891705,39.895627149329705,36.276764173703256,0.6410256410256411
validation,13,seasonal_naive_daily,1,freeze_20260610_192142,baselines_full_20260718,344,386,20,25,57.56395348837209,74.28081538919535,51.91759600548876,45.83584093329012,2.354651162790698
validation,13,seasonal_naive_daily,3,freeze_20260610_192142,baselines_full_20260718,346,398,25,33,59.6849710982659,77.31197590604647,48.1659801456869,40.90197864881459,3.054913294797688
validation,13,seasonal_naive_weekly,1,freeze_20260610_192142,baselines_full_20260718,350,386,20,31,39.70285714285714,52.811632917649604,33.8771639650998,31.00816709064132,2.8457142857142856
validation,13,seasonal_naive_weekly,3,freeze_20260610_192142,baselines_full_20260718,347,398,25,41,42.93948126801153,55.08855851752617,31.852640732252187,28.278610742076292,-2.2420749279538903
validation,14,historical_average_route_day_type_slot,1,freeze_20260610_192142,baselines_full_20260718,338,382,44,0,34.94398901138886,43.85040860278465,38.00013456158567,34.1795007693293,26.436608100301868
validation,14,historical_average_route_day_type_slot,3,freeze_20260610_192142,baselines_full_20260718,347,392,45,0,36.49129439816496,49.08336170743699,34.79822616217862,30.267668593673335,18.35586250806281
validation,14,naive,1,freeze_20260610_192142,baselines_full_20260718,316,382,44,46,38.54430379746835,52.82320644603569,41.31559920898498,37.37572112434025,3.7468354430379747
validation,14,naive,3,freeze_20260610_192142,baselines_full_20260718,323,392,45,48,49.22600619195047,69.80135458690742,44.10824564495787,39.033731035498604,0.848297213622291
validation,14,seasonal_naive_daily,1,freeze_20260610_192142,baselines_full_20260718,303,382,44,49,42.93399339933993,59.28003131081512,50.18995563882588,42.6496623172251,4.438943894389439
validation,14,seasonal_naive_daily,3,freeze_20260610_192142,baselines_full_20260718,313,392,45,46,53.61341853035144,73.76443379631363,54.72580641624427,44.46829371704163,1.1916932907348243
validation,14,seasonal_naive_weekly,1,freeze_20260610_192142,baselines_full_20260718,317,382,44,35,58.063091482649845,75.2846124427991,64.47681486796662,56.996872387204654,1.6529968454258674
validation,14,seasonal_naive_weekly,3,freeze_20260610_192142,baselines_full_20260718,321,392,45,40,58.54205607476636,75.66160933872513,58.942280465262556,49.238831390017026,0.3987538940809969
validation,15,historical_average_route_day_type_slot,1,freeze_20260610_192142,baselines_full_20260718,349,384,35,0,25.796798437609635,33.721877826795335,22.720298958947104,20.659696761498374,8.526341054773303
validation,15,historical_average_route_day_type_slot,3,freeze_20260610_192142,baselines_full_20260718,349,395,46,0,29.366377747464185,38.69920917045307,23.208674535429,20.500191690732887,4.515349104523879
validation,15,naive,1,freeze_20260610_192142,baselines_full_20260718,323,384,35,42,42.95046439628483,55.998534921127124,34.62918960326593,33.54612501511304,4.325077399380805
validation,15,naive,3,freeze_20260610_192142,baselines_full_20260718,327,395,46,51,47.22018348623853,63.390276992022855,35.07596036307114,31.94116916966613,2.529051987767584
validation,15,seasonal_naive_daily,1,freeze_20260610_192142,baselines_full_20260718,312,384,35,40,58.48397435897436,73.08563207214272,54.49070096336257,47.86475001311579,5.086538461538462
validation,15,seasonal_naive_daily,3,freeze_20260610_192142,baselines_full_20260718,305,395,46,47,70.91803278688525,92.5672108502258,57.59166525055216,48.965454792411826,3.055737704918033
validation,15,seasonal_naive_weekly,1,freeze_20260610_192142,baselines_full_20260718,317,384,35,43,39.397476340694006,50.8440741268541,35.18834723164274,30.366173896129155,-5.056782334384858
validation,15,seasonal_naive_weekly,3,freeze_20260610_192142,baselines_full_20260718,316,395,46,52,40.40506329113924,53.45363541650377,33.6253581263538,27.496500484548292,-1.2215189873417722
validation,16,historical_average_route_day_type_slot,1,freeze_20260610_192142,baselines_full_20260718,362,386,24,0,27.623556860562037,35.360586700445005,23.907132709616878,22.24880984208134,14.468935806326657
validation,16,historical_average_route_day_type_slot,3,freeze_20260610_192142,baselines_full_20260718,362,398,36,0,32.79925852427756,43.89854807924546,24.913917052137624,22.07882846902668,5.424560079579229
validation,16,naive,1,freeze_20260610_192142,baselines_full_20260718,343,386,24,28,43.30320699708455,54.597199812858975,36.44917384990245,34.71706051469041,3.892128279883382
validation,16,naive,3,freeze_20260610_192142,baselines_full_20260718,342,398,36,39,51.08479532163743,65.4412597642509,38.187656831694966,33.9697847601641,5.06140350877193
validation,16,seasonal_naive_daily,1,freeze_20260610_192142,baselines_full_20260718,341,386,24,28,52.598240469208214,67.55872866019475,48.35003461031898,42.229180891389824,2.686217008797654
validation,16,seasonal_naive_daily,3,freeze_20260610_192142,baselines_full_20260718,339,398,36,37,59.72271386430678,76.03562276461962,48.65017526887889,40.58209224478342,4.23598820058997
validation,16,seasonal_naive_weekly,1,freeze_20260610_192142,baselines_full_20260718,353,386,24,22,34.373937677053824,45.27442292403975,29.297434613560608,27.135700867698365,1.954674220963173
validation,16,seasonal_naive_weekly,3,freeze_20260610_192142,baselines_full_20260718,350,398,36,32,41.51714285714286,53.01522692316129,30.976168432243444,27.242730459888637,-0.82
validation,17,historical_average_route_day_type_slot,1,freeze_20260610_192142,baselines_full_20260718,349,383,34,0,28.768841684774433,36.65770723224511,27.116567538315007,24.80685316001946,16.479404545258124
validation,17,historical_average_route_day_type_slot,3,freeze_20260610_192142,baselines_full_20260718,353,396,43,0,33.621914317046766,45.86929708589834,27.480641477534828,24.330741602946922,7.838649284581701
validation,17,naive,1,freeze_20260610_192142,baselines_full_20260718,329,383,34,33,39.58358662613982,49.86318668134074,38.09943718100525,33.514334242627,1.9544072948328268
validation,17,naive,3,freeze_20260610_192142,baselines_full_20260718,331,396,43,47,45.036253776435046,60.61818996541203,35.48870159596092,32.245295262816356,5.308157099697885
validation,17,seasonal_naive_daily,1,freeze_20260610_192142,baselines_full_20260718,324,383,34,36,50.98765432098765,66.0692678039355,49.77049627481677,43.90814373803955,3.4135802469135803
validation,17,seasonal_naive_daily,3,freeze_20260610_192142,baselines_full_20260718,329,396,43,42,64.19756838905775,85.54330210457395,54.570458319218986,46.13284406875915,3.492401215805471
validation,17,seasonal_naive_weekly,1,freeze_20260610_192142,baselines_full_20260718,328,383,34,34,41.073170731707314,54.91673297798777,39.333039361661676,34.674285125987694,-1.2926829268292683
validation,17,seasonal_naive_weekly,3,freeze_20260610_192142,baselines_full_20260718,334,396,43,43,56.7814371257485,79.05021901138859,46.13353728260897,39.67490219869877,-1.4461077844311376
validation,18,historical_average_route_day_type_slot,1,freeze_20260610_192142,baselines_full_20260718,335,383,48,0,32.81030232386749,41.69937429681676,30.806544669932162,29.92418196753589,26.099044217194127
validation,18,historical_average_route_day_type_slot,3,freeze_20260610_192142,baselines_full_20260718,324,396,72,0,38.16713590718434,49.06549063689464,30.660272072977197,27.69202802294815,17.471900097658217
validation,18,naive,1,freeze_20260610_192142,baselines_full_20260718,314,383,48,48,40.64331210191083,52.19238053573779,39.12161742661362,36.23200749510263,2.3694267515923566
validation,18,naive,3,freeze_20260610_192142,baselines_full_20260718,300,396,72,74,50.11,65.1635634384738,39.69913305314146,35.84235372657479,6.1033333333333335
validation,18,seasonal_naive_daily,1,freeze_20260610_192142,baselines_full_20260718,319,383,48,33,44.1692789968652,55.605134965061985,43.49463285248489,39.87096409066471,7.74294670846395
validation,18,seasonal_naive_daily,3,freeze_20260610_192142,baselines_full_20260718,308,396,72,50,54.314935064935064,68.79677865457622,44.79740964601659,39.433797704075616,10.613636363636363
validation,18,seasonal_naive_weekly,1,freeze_20260610_192142,baselines_full_20260718,326,383,48,28,37.23006134969325,48.8605440077799,35.25810155908,33.29218784287909,9.340490797546012
validation,18,seasonal_naive_weekly,3,freeze_20260610_192142,baselines_full_20260718,311,396,72,44,48.72668810289389,62.8561876154083,37.915128563901376,34.26491204268982,9.434083601286174
validation,19,historical_average_route_day_type_slot,1,freeze_20260610_192142,baselines_full_20260718,347,383,36,0,30.802743412805505,39.973752550964704,28.947840594216643,27.21256674027066,17.84058023005175
validation,19,historical_average_route_day_type_slot,3,freeze_20260610_192142,baselines_full_20260718,352,396,44,0,32.73950258070749,46.192814423747706,27.034252499431638,24.153385677716837,9.671445570661005
validation,19,naive,1,freeze_20260610_192142,baselines_full_20260718,323,383,36,38,44.70897832817337,57.678864354188306,41.929899163450926,38.84808866650526,3.328173374613003
validation,19,naive,3,freeze_20260610_192142,baselines_full_20260718,328,396,44,46,48.72256097560975,68.03265446218258,39.434721331992456,35.544928825622776,5.3567073170731705
validation,19,seasonal_naive_daily,1,freeze_20260610_192142,baselines_full_20260718,301,383,36,58,52.61794019933555,70.43712589479313,52.48650215492926,46.773574318537555,-0.11960132890365449
validation,19,seasonal_naive_daily,3,freeze_20260610_192142,baselines_full_20260718,306,396,44,67,65.49019607843137,85.3503736049808,57.75606600201617,48.139518124384445,-0.1111111111111111
validation,19,seasonal_naive_weekly,1,freeze_20260610_192142,baselines_full_20260718,310,383,36,56,42.20967741935484,55.0563054898669,41.29095930139247,35.25433775191292,-8.1
validation,19,seasonal_naive_weekly,3,freeze_20260610_192142,baselines_full_20260718,310,396,44,70,51.72258064516129,70.98868605902702,43.17189222434431,34.879269088536006,-13.296774193548387
validation,2,historical_average_route_day_type_slot,1,freeze_20260610_192142,baselines_full_20260718,349,380,31,0,29.38134195752968,39.79458169106505,24.34596403530683,22.00825966513105,-2.5126839601755067
validation,2,historical_average_route_day_type_slot,3,freeze_20260610_192142,baselines_full_20260718,356,394,38,0,29.267461501080984,39.535885684902006,25.391551824440416,20.17390418491845,-5.540056679719706
validation,2,naive,1,freeze_20260610_192142,baselines_full_20260718,330,380,31,33,48.67272727272727,65.9898522960963,38.39155138049592,36.171602297038625,3.5757575757575757
validation,2,naive,3,freeze_20260610_192142,baselines_full_20260718,336,394,38,40,52.11309523809524,72.19904695321387,40.220981690566795,34.65199580455562,0.02976190476190476
validation,2,seasonal_naive_daily,1,freeze_20260610_192142,baselines_full_20260718,335,380,31,27,57.37313432835821,75.74001091715886,47.13929031557919,42.93820651445422,11.850746268656716
validation,2,seasonal_naive_daily,3,freeze_20260610_192142,baselines_full_20260718,339,394,38,36,62.176991150442475,81.30328522753899,49.16269349744674,42.81796575050277,13.616519174041297
validation,2,seasonal_naive_weekly,1,freeze_20260610_192142,baselines_full_20260718,330,380,31,32,46.93333333333333,62.00298135549368,37.97249429296776,33.82988947621336,3.1454545454545455
validation,2,seasonal_naive_weekly,3,freeze_20260610_192142,baselines_full_20260718,336,394,38,34,46.892857142857146,65.26365939859056,37.339002474913855,31.08489356245191,5.517857142857143
validation,20,historical_average_route_day_type_slot,1,freeze_20260610_192142,baselines_full_20260718,338,387,49,0,38.59869354678171,48.539515227768895,33.20733868891029,34.13311291615357,29.622169967910445
validation,20,historical_average_route_day_type_slot,3,freeze_20260610_192142,baselines_full_20260718,354,398,44,0,33.48051349838033,44.10247078089784,27.934393700110782,25.054119516396728,21.5027104009014
validation,20,naive,1,freeze_20260610_192142,baselines_full_20260718,310,387,49,52,48.512903225806454,63.534521985067045,42.00037419466462,41.54419889502762,2.706451612903226
validation,20,naive,3,freeze_20260610_192142,baselines_full_20260718,326,398,44,46,50.42944785276074,64.95047665089082,40.05200636676972,35.65387117761874,0.7055214723926381
validation,20,seasonal_naive_daily,1,freeze_20260610_192142,baselines_full_20260718,299,387,49,51,45.45484949832776,59.101720600388795,43.026360133503495,40.14710660798157,4.752508361204013
validation,20,seasonal_naive_daily,3,freeze_20260610_192142,baselines_full_20260718,316,398,44,46,51.05696202531646,69.24475029226386,44.587579613274364,37.81997187060478,4.531645569620253
validation,20,seasonal_naive_weekly,1,freeze_20260610_192142,baselines_full_20260718,321,387,49,42,40.953271028037385,53.16939367414314,35.07439866898479,34.91540729329898,6.161993769470405
validation,20,seasonal_naive_weekly,3,freeze_20260610_192142,baselines_full_20260718,333,398,44,42,40.8948948948949,52.38154088823491,32.27212694381645,29.18872575286679,7.375375375375375
validation,21,historical_average_route_day_type_slot,1,freeze_20260610_192142,baselines_full_20260718,345,386,41,0,35.29648452482985,43.370028846497405,32.03552341111933,31.594850192170355,28.268473893944744
validation,21,historical_average_route_day_type_slot,3,freeze_20260610_192142,baselines_full_20260718,347,398,51,0,37.81479595697063,50.32741249033713,30.001059367388333,28.440188558387465,23.32117791938193
validation,21,naive,1,freeze_20260610_192142,baselines_full_20260718,321,386,41,42,43.66355140186916,56.49718102856509,40.431874385687415,38.22302217131637,3.202492211838006
validation,21,naive,3,freeze_20260610_192142,baselines_full_20260718,316,398,51,51,54.41772151898734,69.72050894169239,43.01294797562889,38.64443345768349,0.7151898734177216
validation,21,seasonal_naive_daily,1,freeze_20260610_192142,baselines_full_20260718,311,386,41,44,44.31511254019293,56.55876493237137,44.52728166472893,39.94435266498566,4.057877813504823
validation,21,seasonal_naive_daily,3,freeze_20260610_192142,baselines_full_20260718,309,398,51,53,55.20388349514563,71.56909893473647,47.06842876673245,41.08381502890173,2.9967637540453076
validation,21,seasonal_naive_weekly,1,freeze_20260610_192142,baselines_full_20260718,328,386,41,45,37.15853658536585,47.204536780726144,34.985868285467824,32.18378663850013,-2.4146341463414633
validation,21,seasonal_naive_weekly,3,freeze_20260610_192142,baselines_full_20260718,327,398,51,48,39.56880733944954,52.760291110292535,32.45166433069375,28.495606404298897,-0.28440366972477066
validation,22,historical_average_route_day_type_slot,1,freeze_20260610_192142,baselines_full_20260718,336,381,45,0,30.357792710294007,40.02326131980196,30.87359614825793,28.95568271683307,19.018694901462727
validation,22,historical_average_route_day_type_slot,3,freeze_20260610_192142,baselines_full_20260718,347,393,46,0,31.45662057114658,41.05654607613471,28.17454486795915,25.188525067930918,10.395168076107137
validation,22,naive,1,freeze_20260610_192142,baselines_full_20260718,312,381,45,45,44.11217948717949,55.89536355250466,44.133469574203744,40.839762611275965,2.1121794871794872
validation,22,naive,3,freeze_20260610_192142,baselines_full_20260718,323,393,46,48,51.959752321981426,69.55188276592395,43.25147464613861,40.034827413468186,0.8018575851393189
validation,22,seasonal_naive_daily,1,freeze_20260610_192142,baselines_full_20260718,315,381,45,37,54.4,70.15805285890124,55.86709801240449,52.04081632653062,8.076190476190476
validation,22,seasonal_naive_daily,3,freeze_20260610_192142,baselines_full_20260718,327,393,46,36,67.19266055045871,87.16310416586107,59.51115555356075,53.87803143620804,9.859327217125383
validation,22,seasonal_naive_weekly,1,freeze_20260610_192142,baselines_full_20260718,317,381,45,43,49.74763406940063,63.465234279447124,51.0988864163016,46.34554912275546,2.315457413249211
validation,22,seasonal_naive_weekly,3,freeze_20260610_192142,baselines_full_20260718,322,393,46,45,56.42546583850932,78.62978352471065,50.320939656780936,43.43221858341501,-2.1335403726708075
validation,23,historical_average_route_day_type_slot,1,freeze_20260610_192142,baselines_full_20260718,355,386,31,0,29.098467374478705,37.3289459116357,24.501012909189924,24.17947642418412,15.262609534150272
validation,23,historical_average_route_day_type_slot,3,freeze_20260610_192142,baselines_full_20260718,362,398,36,0,31.588868538065956,42.608124635016125,24.722034711997576,22.5279164908981,10.845241053733783
validation,23,naive,1,freeze_20260610_192142,baselines_full_20260718,334,386,31,33,41.61377245508982,54.647399968830115,34.96827780048285,33.98122341205809,2.434131736526946
validation,23,naive,3,freeze_20260610_192142,baselines_full_20260718,336,398,36,37,54.666666666666664,72.24347062274242,40.91957105759324,37.01285616410752,-0.14285714285714285
validation,23,seasonal_naive_daily,1,freeze_20260610_192142,baselines_full_20260718,317,386,31,46,55.02839116719243,71.75888474211521,51.05929424077091,45.73076418927776,-2.0630914826498423
validation,23,seasonal_naive_daily,3,freeze_20260610_192142,baselines_full_20260718,319,398,36,52,60.67084639498432,80.38426521430601,51.30043127883893,43.75070642222574,-0.6144200626959248
validation,23,seasonal_naive_weekly,1,freeze_20260610_192142,baselines_full_20260718,328,386,31,42,37.60060975609756,52.53712392436326,33.37684235117269,30.342469123653004,-7.064024390243903
validation,23,seasonal_naive_weekly,3,freeze_20260610_192142,baselines_full_20260718,334,398,36,47,41.532934131736525,55.655538108580785,33.9099752762597,29.012423139666204,-3.9820359281437128
validation,24,historical_average_route_day_type_slot,1,freeze_20260610_192142,baselines_full_20260718,351,386,35,0,29.482616298746752,37.8944938768042,26.761457932815784,24.567680359100017,16.074299860968118
validation,24,historical_average_route_day_type_slot,3,freeze_20260610_192142,baselines_full_20260718,365,398,33,0,29.679515772217687,39.50655449955724,24.534839717949186,21.818338516564534,13.651785260087044
validation,24,naive,1,freeze_20260610_192142,baselines_full_20260718,328,386,35,36,42.801829268292686,56.84824149413603,37.511787859100096,34.856121359584876,2.1798780487804876
validation,24,naive,3,freeze_20260610_192142,baselines_full_20260718,342,398,33,35,50.67251461988304,68.24834252426898,39.21382307262559,35.6357056198721,-0.1871345029239766
validation,24,seasonal_naive_daily,1,freeze_20260610_192142,baselines_full_20260718,328,386,35,38,52.03963414634146,67.5623695594508,49.67435402975931,42.819155607957256,1.0640243902439024
validation,24,seasonal_naive_daily,3,freeze_20260610_192142,baselines_full_20260718,343,398,33,35,58.265306122448976,77.67340236144115,50.32999947201364,42.77428192286289,3.927113702623907
validation,24,seasonal_naive_weekly,1,freeze_20260610_192142,baselines_full_20260718,335,386,35,33,35.66567164179104,47.42824902914031,30.602871915998016,28.72391576113088,0.3582089552238806
validation,24,seasonal_naive_weekly,3,freeze_20260610_192142,baselines_full_20260718,343,398,33,39,38.68513119533527,51.88799891580789,29.80177376181607,27.144406030726426,1.9387755102040816
validation,25,historical_average_route_day_type_slot,1,freeze_20260610_192142,baselines_full_20260718,355,386,31,0,32.853084158168755,41.501887405152104,29.534402707773427,27.286614749309596,14.606071775339844
validation,25,historical_average_route_day_type_slot,3,freeze_20260610_192142,baselines_full_20260718,359,398,39,0,33.148156541910836,44.02112580567814,25.23569955577353,22.86562946457995,6.468673875345589
validation,25,naive,1,freeze_20260610_192142,baselines_full_20260718,333,386,31,30,47.990990990990994,61.835464133655734,40.29534146894038,39.12213273274743,3.324324324324324
validation,25,naive,3,freeze_20260610_192142,baselines_full_20260718,336,398,39,39,55.3125,72.61704427369389,40.39171825805122,36.420466793391995,-0.17559523809523808
validation,25,seasonal_naive_daily,1,freeze_20260610_192142,baselines_full_20260718,335,386,31,34,55.474626865671645,72.77271917907436,51.605308728979004,46.439102403918234,3.0925373134328358
validation,25,seasonal_naive_daily,3,freeze_20260610_192142,baselines_full_20260718,336,398,39,41,66.22321428571429,89.23192427334406,51.68480146637351,45.809400284108456,3.568452380952381
validation,25,seasonal_naive_weekly,1,freeze_20260610_192142,baselines_full_20260718,340,386,31,31,39.34705882352941,51.48409234614011,34.380570619643514,31.67440098494176,0.06470588235294118
validation,25,seasonal_naive_weekly,3,freeze_20260610_192142,baselines_full_20260718,348,398,39,33,45.3448275862069,59.431647206308966,33.52551382005347,30.536419227494388,-3.8620689655172415
validation,26,historical_average_route_day_type_slot,1,freeze_20260610_192142,baselines_full_20260718,338,383,45,0,28.71000433796867,35.91589532274308,27.32396689988294,24.81455906058766,13.988658737986672
validation,26,historical_average_route_day_type_slot,3,freeze_20260610_192142,baselines_full_20260718,344,396,52,0,32.02955128361082,40.860955127144074,27.83152118221441,24.092374525095934,12.217513296757895
validation,26,naive,1,freeze_20260610_192142,baselines_full_20260718,312,383,45,45,43.1025641025641,55.811495920850184,38.09510524179295,36.00439077936334,1.3782051282051282
validation,26,naive,3,freeze_20260610_192142,baselines_full_20260718,319,396,52,51,50.83699059561128,67.30655550385195,39.41072005759656,36.60143995305482,0.54858934169279
validation,26,seasonal_naive_daily,1,freeze_20260610_192142,baselines_full_20260718,325,383,45,36,47.98153846153846,61.20799344479822,46.56990555320347,41.36010397050632,8.393846153846154
validation,26,seasonal_naive_daily,3,freeze_20260610_192142,baselines_full_20260718,328,396,52,42,56.926829268292686,75.95208695088715,47.37229429755156,42.31327048585932,9.865853658536585
validation,26,seasonal_naive_weekly,1,freeze_20260610_192142,baselines_full_20260718,323,383,45,33,40.027863777089784,53.90833292852903,36.33073575124384,33.44370004397423,4.046439628482972
validation,26,seasonal_naive_weekly,3,freeze_20260610_192142,baselines_full_20260718,326,396,52,39,46.25153374233129,60.702078475850755,36.19600157354273,33.44275384820122,8.552147239263803
validation,27,historical_average_route_day_type_slot,1,freeze_20260610_192142,baselines_full_20260718,356,386,30,0,30.921485192810053,39.36371951269166,29.490779159027568,27.43438935486699,20.997169832524634
validation,27,historical_average_route_day_type_slot,3,freeze_20260610_192142,baselines_full_20260718,349,398,49,0,34.5826185776096,46.07424422102066,28.382379743690112,25.181168127656477,14.964876054581671
validation,27,naive,1,freeze_20260610_192142,baselines_full_20260718,340,386,30,31,42.44705882352941,54.80360657947292,40.29672266232724,37.47111514994158,2.3588235294117648
validation,27,naive,3,freeze_20260610_192142,baselines_full_20260718,320,398,49,51,57.740625,77.42304647196467,42.4252710136254,40.00736185692014,0.084375
validation,27,seasonal_naive_daily,1,freeze_20260610_192142,baselines_full_20260718,323,386,30,45,53.195046439628484,67.15035575957711,54.99291151243128,46.890265535027154,-2.4272445820433437
validation,27,seasonal_naive_daily,3,freeze_20260610_192142,baselines_full_20260718,308,398,49,62,63.52272727272727,83.97079346918282,56.25910019689033,45.65608008774181,-4.587662337662338
validation,27,seasonal_naive_weekly,1,freeze_20260610_192142,baselines_full_20260718,332,386,30,40,39.37951807228916,51.03713507463468,38.18454416041925,34.161636748451826,-0.7289156626506024
validation,27,seasonal_naive_weekly,3,freeze_20260610_192142,baselines_full_20260718,320,398,49,51,47.4125,63.37315086059711,39.04839610346625,33.74029844107901,-3.33125
validation,28,historical_average_route_day_type_slot,1,freeze_20260610_192142,baselines_full_20260718,341,383,42,0,30.10184124294018,38.7446291729582,28.95206828576271,27.113761592906656,16.610655316735567
validation,28,historical_average_route_day_type_slot,3,freeze_20260610_192142,baselines_full_20260718,352,396,44,0,30.427350959990132,40.90528741533742,26.84327530251156,23.62976556042123,12.142487139791028
validation,28,naive,1,freeze_20260610_192142,baselines_full_20260718,312,383,42,41,44.1474358974359,58.24649213604066,40.57616282437336,38.58803754027175,1.955128205128205
validation,28,naive,3,freeze_20260610_192142,baselines_full_20260718,323,396,44,44,50.98142414860681,65.90914564668671,42.57839116607885,37.689684374356275,-0.5789473684210527
validation,28,seasonal_naive_daily,1,freeze_20260610_192142,baselines_full_20260718,314,383,42,43,52.26433121019108,68.32148154690684,51.546015739897896,46.6831655003698,2.1369426751592355
validation,28,seasonal_naive_daily,3,freeze_20260610_192142,baselines_full_20260718,328,396,44,44,58.82012195121951,79.44385576941866,52.99738456799978,45.84511560487608,2.472560975609756
validation,28,seasonal_naive_weekly,1,freeze_20260610_192142,baselines_full_20260718,319,383,42,43,43.275862068965516,58.19847674917931,43.96050825627009,37.896672888986494,-3.7460815047021945
validation,28,seasonal_naive_weekly,3,freeze_20260610_192142,baselines_full_20260718,320,396,44,53,52.171875,73.9051545901908,45.99681678453519,38.42878188012154,-5.284375
validation,29,historical_average_route_day_type_slot,1,freeze_20260610_192142,baselines_full_20260718,331,383,52,0,27.83871665311978,35.98152034040479,26.61739918367909,24.847283840319932,18.15276405176933
validation,29,historical_average_route_day_type_slot,3,freeze_20260610_192142,baselines_full_20260718,343,396,53,0,33.382219982178626,43.487678356773195,27.994561277658164,26.13939698175342,16.60799124917744
validation,29,naive,1,freeze_20260610_192142,baselines_full_20260718,300,383,52,53,40.63,51.674268258002456,37.62962356967841,35.172413793103445,2.73
validation,29,naive,3,freeze_20260610_192142,baselines_full_20260718,311,396,53,52,52.636655948553056,70.00886484979077,40.7072242592044,38.77401170089296,-0.5209003215434084
validation,29,seasonal_naive_daily,1,freeze_20260610_192142,baselines_full_20260718,296,383,52,54,48.395270270270274,63.73570321934846,47.30448585791179,42.63519747611536,3.1655405405405403
validation,29,seasonal_naive_daily,3,freeze_20260610_192142,baselines_full_20260718,313,396,53,54,58.46964856230032,77.26356286740119,52.32062571570925,45.64409527372491,3.313099041533546
validation,29,seasonal_naive_weekly,1,freeze_20260610_192142,baselines_full_20260718,307,383,52,49,43.43648208469055,56.09522499376375,42.74148297120021,38.04564907275321,2.042345276872964
validation,29,seasonal_naive_weekly,3,freeze_20260610_192142,baselines_full_20260718,323,396,53,47,52.12383900928793,71.26973139421177,45.474294244865895,39.7844888699844,2.3529411764705883
validation,3,historical_average_route_day_type_slot,1,freeze_20260610_192142,baselines_full_20260718,352,386,34,0,29.531159048901362,38.859786633998546,21.746205346684125,19.927474858548578,1.9340615129203962
validation,3,historical_average_route_day_type_slot,3,freeze_20260610_192142,baselines_full_20260718,365,398,33,0,31.309517095559887,40.184118733086535,23.19606142116744,19.893073162879453,1.5214086637072355
validation,3,naive,1,freeze_20260610_192142,baselines_full_20260718,332,386,34,35,51.71987951807229,66.56234055922982,35.99911292990367,34.77177919079827,5.1656626506024095
validation,3,naive,3,freeze_20260610_192142,baselines_full_20260718,345,398,33,34,61.028985507246375,77.83149766634011,41.440920407989736,37.351428064573355,0.28695652173913044
validation,3,seasonal_naive_daily,1,freeze_20260610_192142,baselines_full_20260718,323,386,34,43,63.795665634674926,83.86577068303886,50.94281543835927,43.181961063727236,-4.204334365325077
validation,3,seasonal_naive_daily,3,freeze_20260610_192142,baselines_full_20260718,338,398,33,41,74.02366863905326,96.769047327697,56.09596109516664,46.33333333333333,-7.7514792899408285
validation,3,seasonal_naive_weekly,1,freeze_20260610_192142,baselines_full_20260718,339,386,34,32,47.91740412979351,64.13104209719327,34.97994221627636,31.941167217240835,-2.094395280235988
validation,3,seasonal_naive_weekly,3,freeze_20260610_192142,baselines_full_20260718,343,398,33,35,49.07871720116618,69.79039839730684,34.91630026877399,29.947874971091064,-3.63265306122449
validation,30,historical_average_route_day_type_slot,1,freeze_20260610_192142,baselines_full_20260718,331,383,52,0,31.99638003675516,42.59425723425404,28.394394234741483,27.575904265390715,13.496668824726328
validation,30,historical_average_route_day_type_slot,3,freeze_20260610_192142,baselines_full_20260718,334,396,62,0,35.01217051508804,46.26595535072279,28.978824597849524,26.678678055436322,15.206805664841362
validation,30,naive,1,freeze_20260610_192142,baselines_full_20260718,299,383,52,55,50.220735785953174,65.52530211598649,42.59552621870676,41.75170304462672,2.2073578595317724
validation,30,naive,3,freeze_20260610_192142,baselines_full_20260718,306,396,62,62,59.19281045751634,76.93616316540863,44.5729451717593,42.80110588624495,-1.1405228758169934
validation,30,seasonal_naive_daily,1,freeze_20260610_192142,baselines_full_20260718,311,383,52,42,50.340836012861736,62.696430869148394,45.59543507922712,42.78998578768996,5.440514469453376
validation,30,seasonal_naive_daily,3,freeze_20260610_192142,baselines_full_20260718,315,396,62,49,49.60634920634921,64.58674491757283,42.01360774872588,38.274628912947634,10.596825396825396
validation,30,seasonal_naive_weekly,1,freeze_20260610_192142,baselines_full_20260718,309,383,52,49,46.24271844660194,61.003819711699,40.09757840581084,38.348407181771826,1.1812297734627832
validation,30,seasonal_naive_weekly,3,freeze_20260610_192142,baselines_full_20260718,311,396,62,55,43.79742765273312,58.50635494655117,35.52698738625497,32.109096909549514,7.180064308681672
validation,31,historical_average_route_day_type_slot,1,freeze_20260610_192142,baselines_full_20260718,343,386,43,0,33.95512558296393,42.92800292381791,29.108881602798466,28.087126983448197,14.480842126249202
validation,31,historical_average_route_day_type_slot,3,freeze_20260610_192142,baselines_full_20260718,349,398,49,0,36.54830967096344,47.02233357889077,28.709663108182724,27.24689211596155,17.234491422058234
validation,31,naive,1,freeze_20260610_192142,baselines_full_20260718,321,386,43,44,48.00311526479751,60.44505241432682,40.84276588067291,38.84001714012049,1.249221183800623
validation,31,naive,3,freeze_20260610_192142,baselines_full_20260718,321,398,49,49,58.66355140186916,75.68279021813673,43.91526078894749,41.85131681297922,0.4205607476635514
validation,31,seasonal_naive_daily,1,freeze_20260610_192142,baselines_full_20260718,297,386,43,60,53.9057239057239,68.84985860771995,48.418776221316314,45.0351617440225,0.3569023569023569
validation,31,seasonal_naive_daily,3,freeze_20260610_192142,baselines_full_20260718,297,398,49,68,59.24242424242424,77.45760217486813,49.88980227741712,44.932199494369115,0.47474747474747475
validation,31,seasonal_naive_weekly,1,freeze_20260610_192142,baselines_full_20260718,316,386,43,55,42.37341772151899,55.04670054150684,38.17036207971418,34.38800143818378,-2.5569620253164556
validation,31,seasonal_naive_weekly,3,freeze_20260610_192142,baselines_full_20260718,322,398,49,62,45.34472049689441,60.91779921229562,37.82462711194246,33.376002925914925,-3.6739130434782608
validation,32,historical_average_route_day_type_slot,1,freeze_20260610_192142,baselines_full_20260718,301,382,81,0,44.42028239481795,56.680779919345554,43.989802124541754,47.89205888974928,34.129884465300385
validation,32,historical_average_route_day_type_slot,3,freeze_20260610_192142,baselines_full_20260718,304,392,88,0,48.043960113272135,62.58055446456205,42.705844239854315,45.00327809957086,36.47011574115901
validation,32,naive,1,freeze_20260610_192142,baselines_full_20260718,271,382,81,81,39.5239852398524,52.06506715363169,41.69247797005702,40.74637653593031,1.3247232472324724
validation,32,naive,3,freeze_20260610_192142,baselines_full_20260718,270,392,88,89,49.907407407407405,65.96517038334476,45.407600237521805,43.54359206359465,-1.1814814814814816
validation,32,seasonal_naive_daily,1,freeze_20260610_192142,baselines_full_20260718,235,382,81,86,55.45106382978724,68.75819486942721,62.77784953488232,61.06659168658325,11.331914893617022
validation,32,seasonal_naive_daily,3,freeze_20260610_192142,baselines_full_20260718,238,392,88,89,60.10084033613445,76.17483207737847,62.19516503885403,57.41350244842257,7.2521008403361344
validation,32,seasonal_naive_weekly,1,freeze_20260610_192142,baselines_full_20260718,288,382,81,49,45.614583333333336,58.87955573315184,46.34693569186071,48.18795392854523,21.947916666666668
validation,32,seasonal_naive_weekly,3,freeze_20260610_192142,baselines_full_20260718,291,392,88,56,51.7147766323024,67.36745928448494,46.31805135623511,47.44175782604584,21.419243986254294
validation,33,historical_average_route_day_type_slot,1,freeze_20260610_192142,baselines_full_20260718,331,383,52,0,36.684350702210715,46.53656268863273,34.91016462930329,37.48038424061409,30.875210887023563
validation,33,historical_average_route_day_type_slot,3,freeze_20260610_192142,baselines_full_20260718,336,396,60,0,38.55266146711323,50.81311573262727,33.07135339045103,33.60580670614343,30.20685131613467
validation,33,naive,1,freeze_20260610_192142,baselines_full_20260718,306,383,52,54,39.74183006535948,50.31420880668936,41.52851233440182,39.49274185691553,1.238562091503268
validation,33,naive,3,freeze_20260610_192142,baselines_full_20260718,314,396,60,60,49.146496815286625,66.21423442708019,42.6053575674883,41.06221063274972,-0.27388535031847133
validation,33,seasonal_naive_daily,1,freeze_20260610_192142,baselines_full_20260718,298,383,52,55,42.23154362416108,54.28779263821841,46.28419122800223,43.4100238004898,4.077181208053691
validation,33,seasonal_naive_daily,3,freeze_20260610_192142,baselines_full_20260718,306,396,60,62,47.75816993464052,63.924434556226885,46.45152034481427,42.03411280812264,2.045751633986928
validation,33,seasonal_naive_weekly,1,freeze_20260610_192142,baselines_full_20260718,275,383,52,87,38.21090909090909,50.282836399348405,44.35575734456032,38.88107748094428,-10.8
validation,33,seasonal_naive_weekly,3,freeze_20260610_192142,baselines_full_20260718,282,396,60,94,46.773049645390074,60.40278515019576,47.816957805375324,40.19135840087757,-14.787234042553191
validation,34,historical_average_route_day_type_slot,1,freeze_20260610_192142,baselines_full_20260718,341,386,45,0,35.37111693036577,44.93630227442917,33.08169141713574,33.521068515520895,28.725287471261105
validation,34,historical_average_route_day_type_slot,3,freeze_20260610_192142,baselines_full_20260718,338,398,60,0,37.24288219727088,49.551104761239685,29.310370488029434,28.959451050606326,25.636648647256834
validation,34,naive,1,freeze_20260610_192142,baselines_full_20260718,316,386,45,47,43.90506329113924,54.14058119050413,41.44457139828158,40.17373678876502,0.810126582278481
validation,34,naive,3,freeze_20260610_192142,baselines_full_20260718,315,398,60,61,56.33015873015873,75.91996621338335,42.64959312360589,41.75353554368544,0.13333333333333333
validation,34,seasonal_naive_daily,1,freeze_20260610_192142,baselines_full_20260718,307,386,45,47,48.10749185667753,61.01510999915077,48.780763530216014,45.635447888020266,4.198697068403908
validation,34,seasonal_naive_daily,3,freeze_20260610_192142,baselines_full_20260718,296,398,60,64,47.263513513513516,61.44306307468728,41.32733790831586,37.255998508694844,5.425675675675675
validation,34,seasonal_naive_weekly,1,freeze_20260610_192142,baselines_full_20260718,326,386,45,43,34.58282208588957,43.35351897322711,34.09747000175906,31.856456626165585,-0.5337423312883436
validation,34,seasonal_naive_weekly,3,freeze_20260610_192142,baselines_full_20260718,325,398,60,54,37.46769230769231,48.964319819483,31.513141289463537,28.26864147088866,-3.0553846153846154
validation,35,historical_average_route_day_type_slot,1,freeze_20260610_192142,baselines_full_20260718,337,386,49,0,34.59050830933182,43.21710727880105,30.882034586879875,31.17262013703656,23.49981483246718
validation,35,historical_average_route_day_type_slot,3,freeze_20260610_192142,baselines_full_20260718,350,398,48,0,37.42531454827993,49.8951585721573,29.991982126266787,29.512572305105383,22.475827794106394
validation,35,naive,1,freeze_20260610_192142,baselines_full_20260718,312,386,49,49,43.782051282051285,57.41554555862786,39.14983385643477,38.25151913976086,1.0897435897435896
validation,35,naive,3,freeze_20260610_192142,baselines_full_20260718,322,398,48,48,57.62732919254658,76.59188449298226,43.896870830069716,42.99849380141351,-0.7204968944099379
validation,35,seasonal_naive_daily,1,freeze_20260610_192142,baselines_full_20260718,305,386,49,49,50.02950819672131,63.74485514437262,48.681492541007785,45.025081144880495,3.281967213114754
validation,35,seasonal_naive_daily,3,freeze_20260610_192142,baselines_full_20260718,318,398,48,49,55.905660377358494,71.78343566046506,49.021610225259444,44.427229108356656,4.911949685534591
validation,35,seasonal_naive_weekly,1,freeze_20260610_192142,baselines_full_20260718,323,386,49,46,36.10835913312693,48.40902226375273,32.579525741452755,31.689490272796434,-0.56656346749226
validation,35,seasonal_naive_weekly,3,freeze_20260610_192142,baselines_full_20260718,332,398,48,53,44.984939759036145,59.319103365580176,36.09525077391027,34.24516188205081,2.2259036144578315
validation,36,historical_average_route_day_type_slot,1,freeze_20260610_192142,baselines_full_20260718,340,386,46,0,32.386788396674454,41.45921553411227,30.371115974132913,29.84795634519493,24.680861480953347
validation,36,historical_average_route_day_type_slot,3,freeze_20260610_192142,baselines_full_20260718,344,398,54,0,36.0735597386249,46.64631536798075,30.820388735948345,28.349868751912098,23.476041325325422
validation,36,naive,1,freeze_20260610_192142,baselines_full_20260718,315,386,46,49,41.387301587301586,53.5062969146979,39.41920964043922,37.29439025087965,2.4158730158730157
validation,36,naive,3,freeze_20260610_192142,baselines_full_20260718,319,398,54,54,53.21943573667711,66.75654077824223,43.003563220037364,39.92239858906525,0.6175548589341693
validation,36,seasonal_naive_daily,1,freeze_20260610_192142,baselines_full_20260718,304,386,46,48,42.55263157894737,54.50344025839103,44.10772920468922,39.06622776553015,4.2105263157894735
validation,36,seasonal_naive_daily,3,freeze_20260610_192142,baselines_full_20260718,312,398,54,55,51.56730769230769,64.65596825328062,49.620360848350686,40.953520338033904,4.0673076923076925
validation,36,seasonal_naive_weekly,1,freeze_20260610_192142,baselines_full_20260718,325,386,46,47,37.652307692307694,49.543609383746265,35.62551718238443,33.60520678859779,0.5815384615384616
validation,36,seasonal_naive_weekly,3,freeze_20260610_192142,baselines_full_20260718,331,398,54,52,38.93051359516616,51.04639202698669,33.60039508785268,29.913180741910022,-0.7371601208459214
validation,37,historical_average_route_day_type_slot,1,freeze_20260610_192142,baselines_full_20260718,336,386,50,0,31.539305652942826,40.90767712618849,29.831809041436458,28.92566519103829,24.181828299643016
validation,37,historical_average_route_day_type_slot,3,freeze_20260610_192142,baselines_full_20260718,338,398,60,0,36.469668889100845,47.008640740477674,30.208069230523783,27.98417236376782,21.026449814358536
validation,37,naive,1,freeze_20260610_192142,baselines_full_20260718,309,386,50,52,41.62135922330097,52.95662877057354,39.256074983653534,37.09547158927026,1.8414239482200647
validation,37,naive,3,freeze_20260610_192142,baselines_full_20260718,313,398,60,60,56.53035143769968,75.40446847378938,43.72957345351383,41.88821287374825,1.5143769968051117
validation,37,seasonal_naive_daily,1,freeze_20260610_192142,baselines_full_20260718,299,386,50,53,46.25418060200669,58.244669039937946,46.913794741644864,42.085083074675914,3.612040133779264
validation,37,seasonal_naive_daily,3,freeze_20260610_192142,baselines_full_20260718,296,398,60,63,56.138513513513516,70.97461003957874,49.46085751847792,43.02915738774665,6.091216216216216
validation,37,seasonal_naive_weekly,1,freeze_20260610_192142,baselines_full_20260718,314,386,50,52,35.50955414012739,45.445634911221966,34.418546870617604,31.16701607267645,-0.16560509554140126
validation,37,seasonal_naive_weekly,3,freeze_20260610_192142,baselines_full_20260718,322,398,60,59,44.33229813664596,56.00119231206306,38.38697485019751,32.97604472267782,-0.6739130434782609
validation,38,historical_average_route_day_type_slot,1,freeze_20260610_192142,baselines_full_20260718,331,383,52,0,33.0732653736731,43.024650925643385,33.8960753283103,32.80173440008928,24.925815214838508
validation,38,historical_average_route_day_type_slot,3,freeze_20260610_192142,baselines_full_20260718,334,396,62,0,35.3216426359003,46.24855331146732,32.11452360039267,29.786221224507536,23.418882552886366
validation,38,naive,1,freeze_20260610_192142,baselines_full_20260718,304,383,52,49,41.61513157894737,54.16091399951775,42.1661811231221,39.71059074643731,0.8717105263157895
validation,38,naive,3,freeze_20260610_192142,baselines_full_20260718,308,396,62,62,48.77597402597402,66.05303359235855,42.65534685632099,39.080669077287276,-0.08766233766233766
validation,38,seasonal_naive_daily,1,freeze_20260610_192142,baselines_full_20260718,302,383,52,56,46.04635761589404,59.2304400887971,50.69796587597871,45.642826664916136,4.4635761589403975
validation,38,seasonal_naive_daily,3,freeze_20260610_192142,baselines_full_20260718,305,396,62,62,53.278688524590166,69.33056951195813,52.827362252212616,45.468535773244916,4.150819672131147
validation,38,seasonal_naive_weekly,1,freeze_20260610_192142,baselines_full_20260718,312,383,52,50,41.11217948717949,54.79440009755817,44.74737191171509,40.178543461237275,-0.44551282051282054
validation,38,seasonal_naive_weekly,3,freeze_20260610_192142,baselines_full_20260718,312,396,62,61,48.75,63.572893756009094,46.47735928115645,40.5038346825735,2.326923076923077
validation,4,historical_average_route_day_type_slot,1,freeze_20260610_192142,baselines_full_20260718,352,387,35,0,28.606411918797434,38.3441479905571,21.015746408843942,19.28423662367224,2.0540713195588562
validation,4,historical_average_route_day_type_slot,3,freeze_20260610_192142,baselines_full_20260718,354,398,44,0,32.56271577865426,44.74923624751203,23.164237613518768,20.43431491312618,3.740165079206138
validation,4,naive,1,freeze_20260610_192142,baselines_full_20260718,328,387,35,36,46.332317073170735,61.723839131029195,31.483641829860986,30.813057583130576,4.9176829268292686
validation,4,naive,3,freeze_20260610_192142,baselines_full_20260718,330,398,44,44,59.196969696969695,76.00444564350008,38.64990754684058,35.54015209402176,-0.1606060606060606
validation,4,seasonal_naive_daily,1,freeze_20260610_192142,baselines_full_20260718,326,387,35,37,58.263803680981596,73.97694882228663,44.520078047637966,39.159656935510476,3.576687116564417
validation,4,seasonal_naive_daily,3,freeze_20260610_192142,baselines_full_20260718,328,398,44,44,65.85365853658537,88.07525191562043,48.16976700494417,40.76394655393674,0.7378048780487805
validation,4,seasonal_naive_weekly,1,freeze_20260610_192142,baselines_full_20260718,337,387,35,35,40.70326409495549,52.71115513220062,28.768209553849143,26.606536708369706,-1.3620178041543027
validation,4,seasonal_naive_weekly,3,freeze_20260610_192142,baselines_full_20260718,339,398,44,38,44.58997050147492,58.80772128382352,30.73316053617693,27.09543270954327,-2.5309734513274336
validation,5,historical_average_route_day_type_slot,1,freeze_20260610_192142,baselines_full_20260718,361,386,25,0,30.10645555347921,38.63895269728691,22.777985663779234,20.925374872073,3.1317484070651402
validation,5,historical_average_route_day_type_slot,3,freeze_20260610_192142,baselines_full_20260718,363,398,35,0,31.28339444878312,40.50319561094578,22.98893030112798,19.696931963485458,0.04661138370403486
validation,5,naive,1,freeze_20260610_192142,baselines_full_20260718,341,386,25,30,44.6891495601173,57.915577146794746,32.52659676843665,30.68852326962966,2.906158357771261
validation,5,naive,3,freeze_20260610_192142,baselines_full_20260718,344,398,35,36,55.83139534883721,71.90683571994956,37.14532527554148,34.15553698138038,0.5813953488372093
validation,5,seasonal_naive_daily,1,freeze_20260610_192142,baselines_full_20260718,336,386,25,29,51.5625,68.2136219115047,40.30561606203415,35.66135605779919,1.1041666666666667
validation,5,seasonal_naive_daily,3,freeze_20260610_192142,baselines_full_20260718,341,398,35,38,65.34017595307918,85.14419372065353,48.46430043659253,40.762897914379806,1.3401759530791788
validation,5,seasonal_naive_weekly,1,freeze_20260610_192142,baselines_full_20260718,345,386,25,30,38.176811594202896,49.03329244621395,27.92094543375885,25.823464826288134,-1.0115942028985507
validation,5,seasonal_naive_weekly,3,freeze_20260610_192142,baselines_full_20260718,344,398,35,38,40.4593023255814,53.410923453784676,28.693608318281772,24.56580062129342,-1.5174418604651163
validation,6,historical_average_route_day_type_slot,1,freeze_20260610_192142,baselines_full_20260718,308,379,71,0,39.556660631248405,53.06789550061591,35.6668433070387,37.63460746432061,26.69524367700199
validation,6,historical_average_route_day_type_slot,3,freeze_20260610_192142,baselines_full_20260718,311,390,79,0,38.805123716781225,53.64490259999599,33.045013796281445,33.26000682353303,24.8612257317833
validation,6,naive,1,freeze_20260610_192142,baselines_full_20260718,278,379,71,73,36.70863309352518,46.765333345093325,36.21186617447265,33.27572714229816,1.3345323741007193
validation,6,naive,3,freeze_20260610_192142,baselines_full_20260718,282,390,79,80,40.09219858156028,53.226399891314,36.58619300857324,32.34814454522045,0.9716312056737588
validation,6,seasonal_naive_daily,1,freeze_20260610_192142,baselines_full_20260718,257,379,71,67,59.61867704280156,73.46282047551604,59.22950299240546,57.590678443901524,16.17898832684825
validation,6,seasonal_naive_daily,3,freeze_20260610_192142,baselines_full_20260718,259,390,79,75,71.59073359073359,87.73283417883064,65.17712472536113,62.15681673426972,18.33976833976834
validation,6,seasonal_naive_weekly,1,freeze_20260610_192142,baselines_full_20260718,299,379,71,38,48.30434782608695,64.67740891594427,42.569383365191335,45.085063212111756,32.103678929765884
validation,6,seasonal_naive_weekly,3,freeze_20260610_192142,baselines_full_20260718,295,390,79,48,55.67796610169491,74.27546073769324,46.050768284106056,46.27803448664488,36.166101694915255
validation,7,historical_average_route_day_type_slot,1,freeze_20260610_192142,baselines_full_20260718,349,386,37,0,34.34273528297775,44.056939732999105,27.949084236806705,27.467891861485583,23.785038697589187
validation,7,historical_average_route_day_type_slot,3,freeze_20260610_192142,baselines_full_20260718,350,398,48,0,31.902139760030167,41.815151201950776,24.11493044293032,21.678540201162114,15.116408913488934
validation,7,naive,1,freeze_20260610_192142,baselines_full_20260718,326,386,37,38,44.74233128834356,57.68531088608729,36.19185547585298,35.2233759961362,3.2883435582822087
validation,7,naive,3,freeze_20260610_192142,baselines_full_20260718,328,398,48,49,50.3109756097561,66.02955731355762,36.2543306951251,32.61909468274363,-0.8963414634146342
validation,7,seasonal_naive_daily,1,freeze_20260610_192142,baselines_full_20260718,320,386,37,46,59.325,76.10198749047228,54.765300615995336,47.06115669699298,-5.11875
validation,7,seasonal_naive_daily,3,freeze_20260610_192142,baselines_full_20260718,320,398,48,55,64.796875,86.01469714531349,53.86482284304793,44.07388513369893,-6.084375
validation,7,seasonal_naive_weekly,1,freeze_20260610_192142,baselines_full_20260718,305,386,37,69,45.10819672131147,59.59992298377684,41.27457630532024,35.16871165644172,-19.40327868852459
validation,7,seasonal_naive_weekly,3,freeze_20260610_192142,baselines_full_20260718,304,398,48,81,53.963815789473685,73.11519839843221,43.21014365038307,34.71443384048924,-28.55592105263158
validation,8,historical_average_route_day_type_slot,1,freeze_20260610_192142,baselines_full_20260718,338,386,48,0,35.111793689703376,44.864313072523004,27.991177635799012,27.636780464626103,23.89517231541468
validation,8,historical_average_route_day_type_slot,3,freeze_20260610_192142,baselines_full_20260718,351,398,47,0,34.51266738995473,45.077573997776774,24.763241067494945,23.16729379768997,11.691288296462998
validation,8,naive,1,freeze_20260610_192142,baselines_full_20260718,308,386,48,50,45.0,57.51803782575232,35.53384307751175,34.39461994689431,3.792207792207792
validation,8,naive,3,freeze_20260610_192142,baselines_full_20260718,326,398,47,48,53.85889570552147,72.08617882724892,36.29522804998378,34.53376079302952,0.7484662576687117
validation,8,seasonal_naive_daily,1,freeze_20260610_192142,baselines_full_20260718,300,386,48,50,50.903333333333336,65.98648851595807,44.03924748025472,40.0225390502149,4.25
validation,8,seasonal_naive_daily,3,freeze_20260610_192142,baselines_full_20260718,314,398,47,50,62.9140127388535,83.68973256965049,47.72710237565814,41.74679317850426,3.7038216560509554
validation,8,seasonal_naive_weekly,1,freeze_20260610_192142,baselines_full_20260718,323,386,48,43,40.30030959752322,53.914649898559205,32.615130651398935,30.767958021131253,-1.3529411764705883
validation,8,seasonal_naive_weekly,3,freeze_20260610_192142,baselines_full_20260718,328,398,47,47,45.640243902439025,60.433091403513075,30.648283764791795,29.179011383128024,-1.0182926829268293
validation,9,historical_average_route_day_type_slot,1,freeze_20260610_192142,baselines_full_20260718,360,386,26,0,31.326982431088826,41.0785264945574,26.560162418598445,24.639968702626124,16.425152327166046
validation,9,historical_average_route_day_type_slot,3,freeze_20260610_192142,baselines_full_20260718,368,398,30,0,35.15402508571641,48.289823140202785,25.82736775317094,24.332163243259238,10.783087337952333
validation,9,naive,1,freeze_20260610_192142,baselines_full_20260718,341,386,26,28,42.79765395894428,56.47203652331753,35.66861216812474,33.39435266120543,3.3489736070381233
validation,9,naive,3,freeze_20260610_192142,baselines_full_20260718,347,398,30,31,52.60806916426513,67.82557303369211,38.83088323277017,34.90773496510183,-0.2737752161383285
validation,9,seasonal_naive_daily,1,freeze_20260610_192142,baselines_full_20260718,337,386,26,29,56.71513353115727,71.13874519732028,51.05711837990169,44.205194624973984,3.1899109792284865
validation,9,seasonal_naive_daily,3,freeze_20260610_192142,baselines_full_20260718,348,398,30,29,61.42528735632184,79.40149684451437,50.11754106112022,42.62412761714855,3.1724137931034484
validation,9,seasonal_naive_weekly,1,freeze_20260610_192142,baselines_full_20260718,339,386,26,36,40.10914454277286,51.63512216222563,33.05793283600257,30.22294338616106,0.39233038348082594
validation,9,seasonal_naive_weekly,3,freeze_20260610_192142,baselines_full_20260718,349,398,30,37,42.03438395415473,55.84120958287959,30.31765228346116,28.08515526285561,1.9484240687679084
