split,model,hora_del_dia,dataset_version,run_id,n,n_total,missing_y,missing_pred,mae,rmse,smape,wape,bias_mean
test_final,historical_average_route_day_type_slot,4,freeze_20260610_192142,baselines_full_20260718,156,185,29,0,33.417179125203525,43.34217482397107,31.13246011806129,35.50418813275046,23.207332246189114
test_final,historical_average_route_day_type_slot,5,freeze_20260610_192142,baselines_full_20260718,216,280,64,0,46.41174188254325,57.56724412296504,27.539710058470746,26.145414408443106,24.60303942159347
test_final,historical_average_route_day_type_slot,6,freeze_20260610_192142,baselines_full_20260718,220,280,60,0,50.252184006840565,63.41136804767584,30.149028754154738,29.265109673888674,37.018722275674875
test_final,historical_average_route_day_type_slot,7,freeze_20260610_192142,baselines_full_20260718,256,280,24,0,35.66555134180679,46.242383221414784,32.80064358902733,31.56352592215763,28.348789829937534
test_final,historical_average_route_day_type_slot,8,freeze_20260610_192142,baselines_full_20260718,263,280,17,0,35.58633692544241,45.51595273863238,34.52327473329841,33.240540600196596,26.922238918759856
test_final,historical_average_route_day_type_slot,9,freeze_20260610_192142,baselines_full_20260718,253,280,27,0,32.64158041023861,42.08125437838039,32.907049367735944,32.708807999803426,24.359052242591563
test_final,historical_average_route_day_type_slot,10,freeze_20260610_192142,baselines_full_20260718,249,280,31,0,31.34069915396567,38.75614027987803,35.57695981672783,34.89930722837731,20.931482834183885
test_final,historical_average_route_day_type_slot,11,freeze_20260610_192142,baselines_full_20260718,257,280,23,0,28.895293602154663,36.26636471255477,33.95738534949675,33.263563071685326,17.262675353382555
test_final,historical_average_route_day_type_slot,12,freeze_20260610_192142,baselines_full_20260718,250,280,30,0,32.23049597766341,40.290873046211324,32.326972435594406,30.475128571920767,22.902164220284593
test_final,historical_average_route_day_type_slot,13,freeze_20260610_192142,baselines_full_20260718,241,280,39,0,37.791735018988845,47.60320304555226,36.63414138217708,35.73931933596104,25.94982345832688
test_final,historical_average_route_day_type_slot,14,freeze_20260610_192142,baselines_full_20260718,239,280,41,0,39.10201782693356,49.60732538824794,37.51800894644835,37.055441160337516,29.01213001764421
test_final,historical_average_route_day_type_slot,15,freeze_20260610_192142,baselines_full_20260718,231,279,48,0,46.53898673933122,58.53962546178145,39.73662135789582,41.32743603884793,41.774442984689074
test_final,historical_average_route_day_type_slot,16,freeze_20260610_192142,baselines_full_20260718,204,281,77,0,43.29142305890497,51.7632711310247,45.75017801214885,50.19010175049223,40.28900703098928
test_final,historical_average_route_day_type_slot,17,freeze_20260610_192142,baselines_full_20260718,89,250,161,0,24.142893792632012,28.742450720498365,48.2070755023164,52.1660001831573,21.3132406900285
test_final,historical_average_route_day_type_slot,18,freeze_20260610_192142,baselines_full_20260718,3,100,97,0,2.11359590565198,2.7641324477097933,9.21046048813438,9.60725411659991,2.11359590565198
test_final,naive,4,freeze_20260610_192142,baselines_full_20260718,58,185,29,127,74.25862068965517,85.9216764429013,83.99712482210892,62.54719721173395,-70.74137931034483
test_final,naive,5,freeze_20260610_192142,baselines_full_20260718,216,280,64,64,70.31481481481481,93.80821649238132,43.45314077276562,39.61088073442349,-31.425925925925927
test_final,naive,6,freeze_20260610_192142,baselines_full_20260718,216,280,60,64,65.50925925925925,88.32258844502707,36.16930510506717,37.57202410982183,7.305555555555555
test_final,naive,7,freeze_20260610_192142,baselines_full_20260718,233,280,24,41,54.128755364806864,70.71401631221559,44.25011316191703,44.79488545551412,14.669527896995708
test_final,naive,8,freeze_20260610_192142,baselines_full_20260718,250,280,17,17,43.388,54.95543649176121,41.78996836325678,39.07279997118259,2.036
test_final,naive,9,freeze_20260610_192142,baselines_full_20260718,238,280,27,25,46.168067226890756,57.527048807824436,43.71750737676542,44.51466537028034,10.697478991596638
test_final,naive,10,freeze_20260610_192142,baselines_full_20260718,233,280,31,30,41.776824034334766,52.879326546067745,45.53567406435901,44.575720108073455,1.742489270386266
test_final,naive,11,freeze_20260610_192142,baselines_full_20260718,239,280,23,25,39.66945606694561,52.49184037009305,44.994589200445375,44.079222650983304,-3.7364016736401675
test_final,naive,12,freeze_20260610_192142,baselines_full_20260718,236,280,30,24,43.54237288135593,55.384097944127845,42.00208070586421,39.99844303452571,-3.2457627118644066
test_final,naive,13,freeze_20260610_192142,baselines_full_20260718,222,280,39,37,49.64414414414414,63.14208915947764,45.8183728296195,44.59235282217277,-3.68018018018018
test_final,naive,14,freeze_20260610_192142,baselines_full_20260718,214,280,41,40,50.8177570093458,65.1200544788401,45.49758267379672,45.10389448799303,-0.5654205607476636
test_final,naive,15,freeze_20260610_192142,baselines_full_20260718,212,279,48,39,47.198113207547166,60.88947611769043,40.61570295016924,39.68430237169826,1.5566037735849056
test_final,naive,16,freeze_20260610_192142,baselines_full_20260718,191,281,77,64,42.916230366492144,55.65041407202138,44.211252851785986,48.07624633431085,25.45026178010471
test_final,naive,17,freeze_20260610_192142,baselines_full_20260718,78,250,161,80,35.98717948717949,45.78755289377234,57.293594527104496,74.69398616285258,25.78205128205128
test_final,naive,18,freeze_20260610_192142,baselines_full_20260718,1,100,97,84,1.0,1.0,4.878048780487805,4.761904761904762,-1.0
test_final,seasonal_naive_daily,4,freeze_20260610_192142,baselines_full_20260718,116,185,29,50,30.32758620689655,42.4461118807495,30.12467220554659,31.565724540152534,6.224137931034483
test_final,seasonal_naive_daily,5,freeze_20260610_192142,baselines_full_20260718,164,280,64,64,51.40853658536585,66.02923410200637,30.52934023206193,28.70127659574468,12.762195121951219
test_final,seasonal_naive_daily,6,freeze_20260610_192142,baselines_full_20260718,169,280,60,60,63.650887573964496,83.80108174585307,38.425948417706955,37.09182441984759,9.165680473372781
test_final,seasonal_naive_daily,7,freeze_20260610_192142,baselines_full_20260718,232,280,24,24,53.92672413793103,68.13510285733273,55.71856126604672,47.715484363081615,3.2198275862068964
test_final,seasonal_naive_daily,8,freeze_20260610_192142,baselines_full_20260718,245,280,17,18,53.906122448979595,67.08109621486335,56.79406671956685,50.0454717696097,0.7795918367346939
test_final,seasonal_naive_daily,9,freeze_20260610_192142,baselines_full_20260718,227,280,27,27,46.42290748898679,58.7650440013089,51.30677728973561,47.54556939180654,4.11453744493392
test_final,seasonal_naive_daily,10,freeze_20260610_192142,baselines_full_20260718,220,280,31,31,45.018181818181816,55.9264126899235,53.48082424744825,51.03839216696727,4.7
test_final,seasonal_naive_daily,11,freeze_20260610_192142,baselines_full_20260718,235,280,23,23,43.672340425531914,54.46095614916113,53.58148367896807,51.12583441267311,2.7191489361702126
test_final,seasonal_naive_daily,12,freeze_20260610_192142,baselines_full_20260718,222,280,30,30,49.75675675675676,63.15881598032088,52.769144137726045,47.454568887743264,5.72972972972973
test_final,seasonal_naive_daily,13,freeze_20260610_192142,baselines_full_20260718,205,280,39,39,56.22439024390244,71.31031465089575,56.72673665647393,53.019918119508716,5.2
test_final,seasonal_naive_daily,14,freeze_20260610_192142,baselines_full_20260718,207,280,41,40,57.30434782608695,73.04978118653722,59.26674397189693,54.67871300820504,4.483091787439614
test_final,seasonal_naive_daily,15,freeze_20260610_192142,baselines_full_20260718,191,279,48,48,60.06282722513089,74.49241853268136,58.41171886786538,54.31303853801723,10.0
test_final,seasonal_naive_daily,16,freeze_20260610_192142,baselines_full_20260718,153,281,77,77,40.450980392156865,51.17999762468483,47.7337115802029,47.37083811710677,9.169934640522875
test_final,seasonal_naive_daily,17,freeze_20260610_192142,baselines_full_20260718,42,250,161,165,25.047619047619047,30.1093246116785,47.31320619578083,48.816705336426914,3.7142857142857144
test_final,seasonal_naive_daily,18,freeze_20260610_192142,baselines_full_20260718,0,100,97,97,,,,,
test_final,seasonal_naive_weekly,4,freeze_20260610_192142,baselines_full_20260718,139,185,29,28,30.302158273381295,41.56766175282322,31.684673256520355,31.839141280520067,-3.7697841726618706
test_final,seasonal_naive_weekly,5,freeze_20260610_192142,baselines_full_20260718,196,280,64,60,43.65816326530612,58.33545671548378,25.996024507043064,24.783502765951283,1.1989795918367347
test_final,seasonal_naive_weekly,6,freeze_20260610_192142,baselines_full_20260718,198,280,60,58,55.7979797979798,70.7174631612277,35.28198702174045,32.380784899909145,0.9191919191919192
test_final,seasonal_naive_weekly,7,freeze_20260610_192142,baselines_full_20260718,238,280,24,23,46.59243697478992,61.3785266148656,44.5847154451954,40.07879138354778,1.3235294117647058
test_final,seasonal_naive_weekly,8,freeze_20260610_192142,baselines_full_20260718,249,280,17,17,45.261044176706825,59.09525358253348,47.058925994884795,42.3556825015033,3.6706827309236947
test_final,seasonal_naive_weekly,9,freeze_20260610_192142,baselines_full_20260718,236,280,27,25,41.902542372881356,54.705025642151696,45.21828646966385,40.88052914427449,1.13135593220339
test_final,seasonal_naive_weekly,10,freeze_20260610_192142,baselines_full_20260718,228,280,31,28,42.666666666666664,55.403464328948985,49.116850644754585,46.18525376252196,0.08771929824561403
test_final,seasonal_naive_weekly,11,freeze_20260610_192142,baselines_full_20260718,243,280,23,22,43.48559670781893,56.56181294060129,51.83592893372254,49.034802784222734,2.4403292181069958
test_final,seasonal_naive_weekly,12,freeze_20260610_192142,baselines_full_20260718,234,280,30,27,43.02991452991453,55.66286644482748,46.577596266372055,40.04533884823417,-0.21794871794871795
test_final,seasonal_naive_weekly,13,freeze_20260610_192142,baselines_full_20260718,213,280,39,39,53.901408450704224,69.32027459180732,50.950609958502156,48.99709798566064,1.1784037558685445
test_final,seasonal_naive_weekly,14,freeze_20260610_192142,baselines_full_20260718,211,280,41,37,52.67298578199052,67.99038125446836,50.55465656263777,48.69435681738521,4.37914691943128
test_final,seasonal_naive_weekly,15,freeze_20260610_192142,baselines_full_20260718,200,279,48,46,51.785,65.55589218369315,47.77563914091499,44.39919406696104,4.745
test_final,seasonal_naive_weekly,16,freeze_20260610_192142,baselines_full_20260718,167,281,77,74,36.78443113772455,47.216598624093436,42.64626154721087,40.49439683586025,0.5209580838323353
test_final,seasonal_naive_weekly,17,freeze_20260610_192142,baselines_full_20260718,52,250,161,157,22.48076923076923,29.16893764052649,46.77787575951218,45.41569541569542,2.5576923076923075
test_final,seasonal_naive_weekly,18,freeze_20260610_192142,baselines_full_20260718,0,100,97,97,,,,,
validation,historical_average_route_day_type_slot,4,freeze_20260610_192142,baselines_full_20260718,1254,1424,170,0,30.599005307683484,42.069395755686514,24.766199429546496,26.70858286291474,8.636328071811205
validation,historical_average_route_day_type_slot,5,freeze_20260610_192142,baselines_full_20260718,1836,2128,292,0,47.58859494751849,60.753645901415425,27.41412956397445,25.521368514665927,17.190406825248743
validation,historical_average_route_day_type_slot,6,freeze_20260610_192142,baselines_full_20260718,1867,2128,261,0,41.31619862840934,53.66305149959155,23.747751443595725,21.725585430693513,24.75532379715694
validation,historical_average_route_day_type_slot,7,freeze_20260610_192142,baselines_full_20260718,2060,2128,68,0,31.400928762203904,40.44602650943749,25.32338574503096,23.018914939625372,14.438231800836872
validation,historical_average_route_day_type_slot,8,freeze_20260610_192142,baselines_full_20260718,2074,2128,54,0,32.91210354483134,42.388917993450214,27.399957027986837,25.555860259071583,18.700435929979704
validation,historical_average_route_day_type_slot,9,freeze_20260610_192142,baselines_full_20260718,2051,2128,77,0,28.730557630714014,36.88850948946863,26.294766583137747,24.28551504310684,13.696522984102115
validation,historical_average_route_day_type_slot,10,freeze_20260610_192142,baselines_full_20260718,2067,2128,61,0,26.965113441854207,34.763108565525336,27.78752669542943,25.853548444160662,12.988938580988503
validation,historical_average_route_day_type_slot,11,freeze_20260610_192142,baselines_full_20260718,2031,2128,97,0,26.794634294036815,34.54417764890544,27.89979286869672,26.208649665137795,10.030577356167623
validation,historical_average_route_day_type_slot,12,freeze_20260610_192142,baselines_full_20260718,2014,2128,114,0,31.645481253796998,41.114360301155834,27.677050223308207,25.39871011706152,13.155067031961885
validation,historical_average_route_day_type_slot,13,freeze_20260610_192142,baselines_full_20260718,1994,2128,134,0,33.079591318800816,42.9363369526841,28.718904877564626,26.8237625616862,18.23827971455787
validation,historical_average_route_day_type_slot,14,freeze_20260610_192142,baselines_full_20260718,1986,2128,142,0,35.35669811321108,45.623150229210054,29.81926894230174,27.556728614925873,17.039251512049848
validation,historical_average_route_day_type_slot,15,freeze_20260610_192142,baselines_full_20260718,1946,2128,182,0,40.95805300252833,53.39454793155464,30.255934141369266,28.335201319245957,22.299402772339857
validation,historical_average_route_day_type_slot,16,freeze_20260610_192142,baselines_full_20260718,1819,2128,309,0,34.17338603002272,44.13346688027089,31.464938751047754,29.724655796853224,15.422018633340274
validation,historical_average_route_day_type_slot,17,freeze_20260610_192142,baselines_full_20260718,1260,1932,672,0,20.331706722633008,25.754263957885144,36.70623425574638,35.457370893449955,6.184399416034884
validation,historical_average_route_day_type_slot,18,freeze_20260610_192142,baselines_full_20260718,126,792,666,0,9.901344834681474,12.909715950321457,44.84049944168004,43.63656695242623,3.626760942808455
validation,naive,4,freeze_20260610_192142,baselines_full_20260718,384,1424,170,1035,92.33072916666667,102.91419109708178,92.5042735988773,65.66227127935403,-91.09635416666667
validation,naive,5,freeze_20260610_192142,baselines_full_20260718,1795,2128,292,324,63.710306406685234,85.14049997137698,37.70910575679181,33.56983294340741,-30.772144846796657
validation,naive,6,freeze_20260610_192142,baselines_full_20260718,1839,2128,261,273,58.45513866231648,78.39798565289644,31.598317224121526,30.359402182508305,10.603045133224578
validation,naive,7,freeze_20260610_192142,baselines_full_20260718,1928,2128,68,171,49.76452282157676,65.5149012222233,34.57608046256329,34.71260957811296,13.987551867219917
validation,naive,8,freeze_20260610_192142,baselines_full_20260718,2037,2128,54,48,43.06627393225332,55.62122938740674,35.026620418789165,33.06970852998386,2.9494354442808053
validation,naive,9,freeze_20260610_192142,baselines_full_20260718,1989,2128,77,75,40.588738059326296,52.57685126640806,34.8525054030503,33.693792205407306,8.451985922574158
validation,naive,10,freeze_20260610_192142,baselines_full_20260718,2016,2128,61,63,37.18551587301587,48.25745275117353,36.61065718761742,35.15107751748973,5.76984126984127
validation,naive,11,freeze_20260610_192142,baselines_full_20260718,1975,2128,97,73,38.8253164556962,50.91163851919186,38.903809907520525,37.37370291123015,-1.4146835443037975
validation,naive,12,freeze_20260610_192142,baselines_full_20260718,1933,2128,114,109,47.17951370926022,61.07915534612583,40.36905474349534,36.85765439533127,-10.609415416451112
validation,naive,13,freeze_20260610_192142,baselines_full_20260718,1897,2128,134,127,45.00105429625725,57.833240537971115,38.026323599502945,35.35714581555819,1.72008434370058
validation,naive,14,freeze_20260610_192142,baselines_full_20260718,1890,2128,142,136,48.03068783068783,62.7223916372647,39.60451910950707,36.26072507070158,-4.949206349206349
validation,naive,15,freeze_20260610_192142,baselines_full_20260718,1857,2128,182,153,53.7124394184168,69.99116799425327,39.27948462116918,36.02973580216589,-3.4808831448572968
validation,naive,16,freeze_20260610_192142,baselines_full_20260718,1726,2128,309,225,53.0359212050985,68.3271728468756,42.795576836728,44.66019417475729,24.03476245654693
validation,naive,17,freeze_20260610_192142,baselines_full_20260718,1188,1932,672,298,47.754208754208754,60.44347889900234,61.35019924412093,81.85018467220684,39.31649831649832
validation,naive,18,freeze_20260610_192142,baselines_full_20260718,101,792,666,316,25.11881188118812,32.98379440072514,71.99699184111223,116.26947754353804,22.584158415841586
validation,seasonal_naive_daily,4,freeze_20260610_192142,baselines_full_20260718,1013,1424,170,304,34.695952615992105,49.17572294884901,30.290542767714708,29.889192200083343,6.699901283316881
validation,seasonal_naive_daily,5,freeze_20260610_192142,baselines_full_20260718,1582,2128,292,293,65.50758533501896,89.03649516661689,40.80831142128163,35.31165560973283,10.855246523388116
validation,seasonal_naive_daily,6,freeze_20260610_192142,baselines_full_20260718,1639,2128,261,261,67.4496644295302,92.27312430598917,41.97392583506988,35.602374135704466,5.1799877974374615
validation,seasonal_naive_daily,7,freeze_20260610_192142,baselines_full_20260718,1992,2128,68,68,62.96686746987952,79.97318200095224,55.08229540128413,46.269961598477224,0.5512048192771084
validation,seasonal_naive_daily,8,freeze_20260610_192142,baselines_full_20260718,2019,2128,54,55,59.02625061911838,74.49450584898192,53.37240878100707,46.02503350287526,0.946012877662209
validation,seasonal_naive_daily,9,freeze_20260610_192142,baselines_full_20260718,1973,2128,77,79,52.87430309173847,66.47535355687783,51.49078663850409,44.85419945136685,1.0881905727318804
validation,seasonal_naive_daily,10,freeze_20260610_192142,baselines_full_20260718,2006,2128,61,62,48.03888334995015,60.72644314718322,51.94414633704828,46.27485630045091,0.7168494516450648
validation,seasonal_naive_daily,11,freeze_20260610_192142,baselines_full_20260718,1939,2128,97,97,47.03919546157813,59.58038329210064,50.92693527201134,46.09401847621743,0.4151624548736462
validation,seasonal_naive_daily,12,freeze_20260610_192142,baselines_full_20260718,1903,2128,114,116,56.90225959012086,72.7719066269021,52.40235664568823,46.08166478711407,3.1093011035207567
validation,seasonal_naive_daily,13,freeze_20260610_192142,baselines_full_20260718,1874,2128,134,134,59.226254002134475,75.67128964700537,54.557966862464916,48.34459297589957,3.055496264674493
validation,seasonal_naive_daily,14,freeze_20260610_192142,baselines_full_20260718,1853,2128,142,144,62.755531570426335,79.01950410589738,55.480096167573066,49.111618851333944,3.693470048569887
validation,seasonal_naive_daily,15,freeze_20260610_192142,baselines_full_20260718,1785,2128,182,182,70.3546218487395,90.61103190915252,55.39439403257196,48.79548969172307,5.3238095238095235
validation,seasonal_naive_daily,16,freeze_20260610_192142,baselines_full_20260718,1569,2128,309,312,54.17973231357553,69.55454183125842,50.34221910211046,47.397296935634955,7.787125557680051
validation,seasonal_naive_daily,17,freeze_20260610_192142,baselines_full_20260718,875,1932,672,713,27.684571428571427,36.21614478181164,47.42893421978232,47.027761599689384,4.1737142857142855
validation,seasonal_naive_daily,18,freeze_20260610_192142,baselines_full_20260718,18,792,666,679,11.0,12.635927614016577,66.77896538465336,54.54545454545454,-0.8888888888888888
validation,seasonal_naive_weekly,4,freeze_20260610_192142,baselines_full_20260718,1155,1424,170,192,29.01991341991342,40.70423358859164,25.11532395892423,24.68715705121123,0.258008658008658
validation,seasonal_naive_weekly,5,freeze_20260610_192142,baselines_full_20260718,1706,2128,292,289,50.824736225087925,69.2904881406971,29.086899242846926,26.25130186257175,-1.1143024618991795
validation,seasonal_naive_weekly,6,freeze_20260610_192142,baselines_full_20260718,1735,2128,261,257,52.6628242074928,70.42429663259666,30.02170432373617,26.6925694921196,-0.414985590778098
validation,seasonal_naive_weekly,7,freeze_20260610_192142,baselines_full_20260718,2006,2128,68,67,44.9247258225324,59.41260746862854,36.25435719277459,32.477421958901836,0.03140578265204387
validation,seasonal_naive_weekly,8,freeze_20260610_192142,baselines_full_20260718,2025,2128,54,55,45.45827160493827,60.47686630460189,38.705339118091075,34.922266819426845,0.48641975308641977
validation,seasonal_naive_weekly,9,freeze_20260610_192142,baselines_full_20260718,1989,2128,77,77,39.95625942684766,52.019695964367564,37.015597021509784,33.31405073001421,0.37757667169431874
validation,seasonal_naive_weekly,10,freeze_20260610_192142,baselines_full_20260718,2013,2128,61,62,37.177844013909585,48.267443997220724,38.827365157931396,35.26864187523858,0.4326875310481868
validation,seasonal_naive_weekly,11,freeze_20260610_192142,baselines_full_20260718,1960,2128,97,96,38.215816326530614,50.02281622277121,40.17997999706037,36.6623430655148,-0.18214285714285713
validation,seasonal_naive_weekly,12,freeze_20260610_192142,baselines_full_20260718,1927,2128,114,113,45.107420861442655,59.336453702042334,39.76258606558831,35.48865181338265,0.4587441619097042
validation,seasonal_naive_weekly,13,freeze_20260610_192142,baselines_full_20260718,1887,2128,134,133,45.848436671966084,61.49676964040971,40.0097706699703,36.165418876947456,-0.06783253842077372
validation,seasonal_naive_weekly,14,freeze_20260610_192142,baselines_full_20260718,1874,2128,142,143,47.99092849519744,61.81931792169091,41.23229613580837,36.51159675055518,0.7753468516542156
validation,seasonal_naive_weekly,15,freeze_20260610_192142,baselines_full_20260718,1833,2128,182,181,55.02073104200764,72.7639241140984,41.29043952563227,36.97594526916294,0.46317512274959083
validation,seasonal_naive_weekly,16,freeze_20260610_192142,baselines_full_20260718,1645,2128,309,307,44.43465045592705,58.015881904798185,40.311467559495085,37.073009915552966,0.1817629179331307
validation,seasonal_naive_weekly,17,freeze_20260610_192142,baselines_full_20260718,987,1932,672,694,27.681864235055723,36.013309483852446,46.60852664515862,45.24933339957934,0.3606889564336373
validation,seasonal_naive_weekly,18,freeze_20260610_192142,baselines_full_20260718,39,792,666,672,12.076923076923077,15.030737737153055,57.53109935261019,53.76712328767124,2.1794871794871793
